"cv_0","pa","lon","lat","bio10_SA","bio13_SA","bio15_SA","bio2_SA","bio3_SA"
6,1,-65.31772,-28.10776,25.7726669311523,138,79.9674956973131,14.9893335103989,50.7013045812545
3,1,-58.90833,-27.44166,26.2726669311523,182,43.6025356896196,10.5096664428711,46.9265336927738
1,1,-59.0325,-28.486944,26.0380001068115,132,37.2563985254442,10.222333351771,45.7170550479789
9,1,-57.3384,-27.42803,26.3359994888306,170,28.1291084637987,10.6953330834707,49.5062650910704
3,1,-58.243306,-25.140556,27.2206672032674,151,43.0647535745433,11.5356669425964,51.2423014374209
9,1,-60.6083,-24.675,27.565333366394,147,62.4173245661839,12.8493336836497,52.2755643756419
10,1,-55.803056,-27.461667,26.1239999135335,193,16.3610528614504,11.4226665496826,51.8552120866742
8,1,-54.7764,-26.5705,25.4259999593099,168,19.1598736859809,11.7966667016347,52.0043497341716
7,1,-64.3093,-23.1574,27.1526664098104,208,86.2484034568373,12.1640002727509,50.008222715962
5,1,-63.655278,-22.470556,27.3019997278849,217,84.5186936219092,12.3786663214366,52.4430849571566
8,1,-64.24975,-27.750278,26.4660002390544,133,87.1784080050619,12.8633329868317,46.0721078520902
10,1,-64.248056,-26.198333,26.0020001729329,149,94.5997486829072,12.782666961352,49.6529911246566
7,1,-65.61102,-27.22253,25.684666633606,142,49.3878494086763,12.3120000759761,47.0930251680682
7,1,-64.64167,-22.19177,22.7213335037231,157,87.8309632798057,13.2226664622625,60.344407821354
8,1,-40.758611,-19.228889,25.4466667175293,189,61.4007783781297,10.6900002161662,64.6155694627931
3,1,-48.556102,-18.136906,24.0619999567668,286,83.4962384784394,12.2060002485911,66.264930499647
8,1,-50.598443,-17.812355,24.3986666997274,291,78.03950916108,12.3616669178009,68.9209801917441
1,1,-56.095222,-20.762333,26.7673333485921,201,47.4486067862103,11.5006666183472,61.9915221063332
5,1,-54.19055,-23.065,24.9366664886475,198,35.0629195875079,11.8090000947316,61.2754280169518
7,1,-54.84416,-18.91805,25.6980002721151,249,63.0317814527879,12.6803335348765,67.940065556765
4,1,-45.948918,-21.428178,22.4620002110799,284,73.462363213263,13.0849996407827,60.7361644114879
8,1,-46.107752,-15.921772,24.9706665674845,251,88.4147422931161,13.2346665064494,67.4274828385107
10,1,-45.979045,-20.011892,23.0979998906453,286,81.713857932629,13.5859999656677,57.9014641973016
1,1,-45.083769,-21.877666,22.4206666946411,293,78.8100916048357,14.0366671085358,59.7304983341947
7,1,-44.358495,-16.689323,22.9460004170736,240,91.7766837493848,13.7766666412354,68.0934480143334
7,1,-43.942095,-19.536301,23.3839999834696,279,90.2015643713148,12.9603335062663,62.8410258003792
9,1,-44.53356,-17.96719,24.3846664428711,204,93.6083588410674,13.0743332703908,65.0334949813899
2,1,-45.026284,-19.719223,23.1699999173482,292,87.9521058005595,13.5316667556763,63.0435469362701
2,1,-46.875419,-17.219742,23.6120001475016,299,89.5975615674234,12.631000439326,65.2832371213875
8,1,-46.611413,-20.719212,22.8780001004537,292,78.5707321209633,11.5439999103546,58.3737887019101
6,1,-42.872625,-18.431738,22.3493331273397,290,84.4187010550859,11.577999830246,60.8343876683368
2,1,-46.417789,-18.414742,22.0813333193461,303,85.803288859138,10.5419998963674,66.5530290076738
5,1,-44.206233,-14.841686,24.6099999745687,216,97.4720682734215,12.4516669114431,73.0046106557855
2,1,-47.981,-19.059,23.0700000127157,305,85.2549022463395,11.6613334814707,66.3782613546662
9,1,-48.55977,-6.16476,25.7166665395101,286,67.6830955037769,11.8170000712077,81.3170961066873
3,1,-53.459722,-24.953798,22.0466666221619,209,23.5768627013267,12.0110000769297,58.6589158818703
5,1,-51.984464,-23.920695,23.5366665522257,202,37.382858839119,12.7799998124441,62.3658015107972
4,1,-53.4115,-23.894562,24.0340000788371,162,23.3420753287554,12.5536666711171,61.1896383974169
5,1,-53.742623,-26.015664,22.4933334986369,212,20.5758022182463,12.2810000578562,55.0915133623354
10,1,-51.027752,-22.852533,25.0373331705729,185,49.6004277446527,12.3203326861064,63.3110619833253
3,1,-49.633197,-23.753133,23.253999710083,172,43.2218211298436,12.4009999434153,61.930679428934
6,1,-53.222937,-22.825129,25.0166664123535,173,41.0092634084363,12.975333293279,64.1327287456563
4,1,-50.264,-24.56045,20.4140000343323,178,27.6839253468271,12.3646667400996,59.5027294644858
5,1,-53.802814,-27.674493,23.5693333943685,193,10.1515478465031,13.3249999284744,54.5034346103219
10,1,-51.1013,-30.1443,23.4886665344238,141,9.97433340356936,9.16866691907247,49.5710815749576
6,1,-53.808675,-29.685582,24.7360000610352,154,5.76658506827247,10.3526666959127,49.619761359877
1,1,-48.675051,-26.769171,24.1463766098022,225,30.8731275864956,8.85144925117493,50.6804435084798
6,1,-52.72761,-26.740056,22.9333335558573,211,11.2393669843922,12.049667040507,56.2122904335324
9,1,-49.008432,-27.677209,19.474666595459,216,26.1567333081966,9.83066666126251,54.7120823554695
9,1,-48.40676,-23.483987,22.5700000127157,196,57.3814230336389,11.7190001010895,61.2022125661678
1,1,-50.439226,-21.205476,25.0006666183472,223,68.5375746618068,12.4383333524068,61.3693189647906
4,1,-51.926279,-21.569862,25.7426662445068,173,53.6243368727289,12.0653334458669,62.0134345899947
2,1,-47.174376,-22.330076,23.1213334401449,243,74.3303054603944,12.1166667143504,61.8071111422451
10,1,-48.6457,-24.5711,24.0346663792928,196,38.7669947135917,9.93599987030029,53.929659682044
3,1,-47.4597,-24.2825,25.2506666183472,251,44.8992526044591,9.28833349545797,55.2613857120391
6,1,-47.000968,-23.397523,21.3533333142598,232,62.0487501294741,10.0066667397817,60.7790713870917
1,1,-48.070841,-21.586944,23.6579999923706,241,75.7235992039188,11.5650000572205,61.4636514283701
4,1,-45.556609,-23.026556,23.3959999084473,222,69.2752206817174,11.2700000603994,60.6827531351986
2,1,-52.1839,-22.6216,24.8693332672119,162,42.5877100166708,12.1560000578562,62.6468763193768
6,1,-54.9043,-24.8264,24.9746662775675,194,21.425092159112,11.5130000114441,53.8796330728254
4,1,-56.0503,-25.4869,25.7580000559489,192,25.7175707352561,10.7983329296112,53.0578484184479
8,0,-54.3541666666667,-2.60416666666666,26.2833334604899,336,68.9307334356957,9.22266658147176,81.9938410790267
2,0,-51.8541666666667,-11.7708333333333,26.6500002543132,296,80.7022344488112,14.6136671702067,79.2498278662553
5,0,-38.4791666666667,-12.0625,24.7793334325155,158,34.6937355064269,8.21333281199137,63.3744860509423
6,0,-49.3541666666667,-18.8541666666667,23.8693332672119,276,78.9647510096898,12.6906669139862,66.6246676308884
5,0,-41.4375,-10.5208333333333,22.1053334871928,100,79.6579159155555,12.1900000572205,76.7632239884882
3,0,-50.8541666666667,-23.1458333333333,24.5226669311523,181,42.8641731597818,12.4476664861043,63.9391114787513
10,0,-52.7708333333333,-11.8125,26.140666325887,304,80.3614561955739,15.1276667118073,75.8811464832808
7,0,-55.6875,-9.31249999999999,27.0933338801066,340,70.1166068403414,11.4210003217061,78.4840488511171
10,0,-64.0208333333333,-26.8958333333333,26.7326669692993,129,89.5501652799339,12.7253331343333,47.1588090616259
5,0,-61.1875,-16.1041666666667,26.8586667378743,188,66.7242361769314,11.5723338921865,69.0968103177979
1,0,-43.7708333333333,-11.6875,26.5026658376058,157,90.6232071591978,14.414666891098,79.6918766805491
9,0,-67.1875,-27.1458333333333,11.263333161672,35,108.25999650425,13.9379997178912,58.6122775227829
7,0,-49.4791666666667,-25.7708333333333,20.3633332252502,162,28.3478176869732,10.5619996786118,56.4209405236304
10,0,-58.1458333333333,-6.89583333333333,26.2426668802897,339,62.2861349668457,10.7370001475016,86.8689289425223
6,0,-58.8541666666667,-8.52083333333333,26.2519998550415,314,68.0807738792442,11.4449996948242,85.9750560297977
6,0,-54.7708333333333,-32.3958333333333,23.1853332519531,122,7.20411625935143,11.0429995854696,46.9994888382368
9,0,-41.9791666666667,-18.9375,26.3826665878296,210,77.0229852919709,11.8176666895548,65.3487443534013
9,0,-62.9791666666667,-33.4375,23.2019996643066,126,57.5371755446061,12.5316667755445,45.3520089525466
1,0,-70.2708333333333,-28.2708333333333,14.0079998970032,7,76.3222640338332,12.9649998756746,62.5241139824626
1,0,-55.6875,-27.2291666666667,25.6920000712077,185,16.251133086629,11.3833333651225,51.8272309294524
1,0,-68.7291666666667,-17.6875,9.17266653974851,114,111.356133852453,20.8436666578054,77.9144228439896
4,0,-47.8958333333333,-17.1041666666667,22.9066667556763,307,85.8627870813208,12.2370000680288,65.7196604188533
10,0,-56.6458333333333,-19.6458333333333,27.5340000788371,205,56.3911880713765,10.5346666971842,59.9650855042524
9,0,-39.5625,-9.43749999999999,25.2540000279744,90,82.7482639798226,11.1146670977275,64.3507810122446
4,0,-62.3958333333333,-34.7708333333333,23.0933335622152,153,55.090318403674,12.3856669068336,44.1966415666966
5,0,-52.0208333333333,-21.3541666666667,25.6466665267944,181,54.8031653703647,11.8976662953695,62.9372974921822
6,0,-44.0625,-16.4375,22.4246665636698,233,94.1584444339444,12.9519999027252,70.1929301373633
5,0,-48.7708333333333,-22.2291666666667,24.0640004475911,213,68.1944261715127,12.0779999097188,62.3992557503804
8,0,-67.1875,-24.1875,9.50466663398159,25,119.73467519534,18.660333286932,67.9644997959099
4,0,-54.2291666666667,-32.9791666666667,22.2893333435059,135,10.6313703837724,11.2723333040873,48.3293308642911
2,0,-62.9791666666667,-19.9791666666667,27.0493335723877,103,82.8788839081114,12.9223330815633,61.1621237514038
10,0,-43.9791666666667,-17.3541666666667,23.5113336245219,222,92.1280816710502,13.4533332188924,68.0561149772518
9,0,-66.5625,-27.0625,19.6459997495015,37,111.678673458025,15.248666399469,54.8987143070167
5,0,-53.6875,-15.3125,23.8959999084473,320,81.4689158484094,14.8049998283386,70.6075871045303
9,0,-62.2708333333333,-34.3958333333333,22.9420000712077,153,48.8763540584538,11.6709999640783,43.6462219588423
5,0,-61.0208333333333,-31.6041666666667,24.2766663233439,144,49.7795199199901,12.5160003503164,47.7709949206953
5,0,-51.2291666666667,-8.93749999999999,25.9226668675741,299,71.8512751831167,13.2536667188009,87.7726250594362
5,0,-46.5625,-15.8958333333333,22.3073326746623,278,87.6826755583929,11.4370000362396,67.1816217268775
3,0,-54.6041666666667,-6.22916666666666,26.0913330713908,342,65.2110775048149,11.2666668891907,88.5465739155253
9,0,-48.9791666666667,-21.8125,24.489333152771,223,70.2921052532683,12.1586668491364,61.2589032187758
9,0,-48.3125,-9.81249999999999,25.2293332417806,263,78.7467200992647,12.3696662584941,81.4008091212004
7,0,-52.3541666666667,-19.6041666666667,25.3013334274292,264,66.8209939623647,12.4300002257029,65.3660094675681
9,0,-46.3125,-7.81249999999999,25.7126665115356,202,76.7689283346141,12.9243329366048,84.4286154947857
9,0,-51.1458333333333,-22.7708333333333,25.0533332824707,185,49.4821330804002,12.3103329340617,62.4636331423146
10,0,-63.1458333333333,-25.9375,27.2493333816528,116,83.3138363134397,12.8296664555868,47.9362835973725
3,0,-59.3958333333333,-22.7291666666667,28.3980000813802,91,49.4439044086111,13.55366675059,57.7046417264276
9,0,-52.8958333333333,-14.6875,24.9973332087199,286,81.5613826857925,15.3509997526805,71.6532887840152
2,0,-49.1458333333333,-16.8541666666667,24.2086664835612,290,80.0567609443442,11.6283334891001,69.2822561663772
8,0,-46.6875,-21.0208333333333,21.3740000724792,275,75.7673756711114,12.2016665140788,60.4162529914669
2,0,-61.3125,-18.1458333333333,27.8306662241618,127,53.4063096876118,11.470999399821,65.864731690154
7,0,-57.1875,-14.1458333333333,24.3066671689351,325,76.3276782925665,15.2040007909139,76.2640421107894
5,0,-67.9375,-19.6458333333333,11.1539998650551,57,147.129419352615,17.8836664979657,66.8698293589057
8,0,-52.5625,-28.8958333333333,21.6780001322428,161,12.9840096330832,11.2283331155777,53.3970583763395
5,0,-56.3541666666667,-20.6458333333333,26.7446664174398,196,48.3598691897729,11.4923328558604,62.1879498946658
7,0,-58.2291666666667,-28.4375,26.0960000356038,147,31.0082623192641,10.6840003331502,46.8678720296496
2,0,-55.4791666666667,-30.5208333333333,24.158000310262,148,10.7844838384432,11.2610000371933,48.681482432615
1,0,-48.6041666666667,-4.64583333333333,26.5193332036336,342,77.0714038894809,11.5490002632141,85.0441730928483
5,0,-60.8541666666667,-33.0208333333333,23.3726663589478,141,45.7985468682832,12.2213333845139,46.6036211767997
6,0,-39.7291666666667,-13.2708333333333,22.8859999974569,109,20.2038455572974,7.01033314069112,61.8195154000179
7,0,-68.2291666666667,-29.3125,22.3680000305176,33,90.3762857874669,17.0399999469519,54.4200312555096
8,0,-55.2708333333333,-29.8958333333333,24.3279997507731,160,9.00312777815405,10.8356666564941,48.6690044481815
3,0,-63.0208333333333,-14.7708333333333,26.6680002212524,217,68.109773291882,10.7129999796549,73.5782992624001
2,0,-44.3541666666667,-14.3958333333333,25.3960002263387,212,94.1198191081699,12.7203330993652,73.2738055998699
8,0,-46.8125,-18.4791666666667,22.295999844869,330,87.5242136765021,10.368333419164,66.3615827413104
7,0,-64.3125,-33.7708333333333,23.4406665166219,120,61.5644378677499,13.540333489577,47.323967593394
6,0,-41.2291666666667,-12.0625,21.9360001881917,104,37.3722799877887,10.7599999109904,72.4091531600774
10,0,-54.9791666666667,-12.0625,25.3700002034505,319,85.9991973006332,14.4409998257955,74.9014524159956
1,0,-67.9791666666667,-23.3958333333333,16.7560002803802,16,120.813160263163,16.4160002022982,61.8724577645247
8,0,-62.8125,-29.1041666666667,25.71466700236,122,67.7807918066458,13.2900000413259,49.4493213483439
1,0,-47.2708333333333,-7.10416666666666,26.2540000279744,274,72.707334900478,12.3586665789286,83.2794342337159
8,0,-49.8541666666667,-28.8958333333333,22.4573335647583,159,18.159650555749,9.48933362960815,52.4852498291641
2,0,-55.3125,-9.72916666666666,27.0926666259766,355,71.8789354256453,11.7690002123515,79.007789236609
6,0,-65.8958333333333,-28.9791666666667,27.0233338673909,96,84.9878265362226,14.1903338034948,47.1941373020832
7,0,-60.9791666666667,-22.2291666666667,28.3313325246175,101,67.420447690043,13.6639999548594,56.8102464270683
5,0,-48.5625,-20.6875,24.0606667200724,245,80.5120992732726,11.8053334554036,64.9358333101647
1,0,-50.0625,-4.39583333333333,26.8013334274292,370,75.8067586414308,11.1883333524068,87.7103551063541
3,0,-42.7708333333333,-12.8125,23.8953336079915,155,90.2069328799342,12.8049999078115,77.8892958311921
2,0,-60.4375,-19.7291666666667,28.5133330027262,86,56.0277541613408,12.4213331540426,63.0140686959662
1,0,-58.9375,-22.8541666666667,28.1846663157145,113,46.8453978514956,13.0546666781108,58.0001224788851
6,0,-45.3541666666667,-13.8125,24.3906669616699,230,94.7447435442608,11.7923336823781,74.9385716614086
10,0,-58.3541666666667,-24.1041666666667,27.8400001525879,131,41.2764772294517,12.210999806722,54.7971620414918
6,0,-39.5208333333333,-10.1458333333333,24.3600002924601,92,53.3116031928749,10.718333085378,63.0787036322484
8,0,-69.0208333333333,-21.8541666666667,12.2926666736603,12,146.529423615729,16.660666873989,67.8918788172557
2,0,-60.3125,-22.3958333333333,28.5486669540405,105,58.296442889164,13.9636667569478,57.7106364645651
1,0,-58.6041666666667,-29.7291666666667,25.7866665522257,146,34.2163575152528,12.1330004135768,48.6409559929693
10,0,-60.1458333333333,-22.4375,28.6900005340576,106,56.568715250464,13.7973331610362,57.6522334901086
4,0,-56.6458333333333,-24.8958333333333,27.370000521342,178,33.3011138950129,10.8306669394175,53.7342100519655
1,0,-67.6458333333333,-22.4375,6.29666654268901,30,133.186353975996,24.632333278656,73.2930654131256
4,0,-50.5208333333333,-26.8541666666667,17.8986666997274,167,17.0561420046411,10.7570000886917,56.2134197364782
3,0,-56.9791666666667,-29.8125,25.3406670888265,176,24.1136759707763,10.7913331985474,46.1562581083221
8,0,-52.6875,-12.0625,25.9620002110799,297,81.259117046995,14.9873332182566,75.4953306452836
6,0,-54.1458333333333,-16.7708333333333,24.0246664683024,291,75.8140977164798,13.0876670678457,70.6372327311291
8,0,-68.0208333333333,-21.4791666666667,7.89800008138021,31,157.790871674104,20.4170001745224,70.3646252013362
8,0,-42.3125,-13.9791666666667,22.4053335189819,169,92.0840105836568,10.8339996337891,74.409340873474
6,0,-47.1458333333333,-4.22916666666666,26.239333152771,317,80.6239645885227,11.6953330039978,89.2500986133005
5,0,-68.8958333333333,-28.9791666666667,7.79599992434184,28,66.8283428534281,10.6333333129684,55.3473525509357
8,0,-50.1041666666667,-14.5208333333333,26.3313331604004,273,83.7693145143467,12.5163333415985,71.1802450016837
8,0,-57.2291666666667,-18.7291666666667,27.9493335088094,196,63.1820457811466,10.7346668243408,63.4886883999287
5,0,-44.8958333333333,-10.4375,26.3053337732951,172,88.9064554342161,15.7476662794749,78.3466080702524
4,0,-61.0208333333333,-29.3958333333333,25.4433336257935,146,53.9314960161696,12.0870000918706,47.7294254190889
4,0,-50.2708333333333,-8.77083333333333,26.102666536967,288,71.9491512648194,13.1730004946391,88.1726796652327
9,0,-50.0625,-9.89583333333333,26.4313338597616,287,78.5078242502804,12.7406671841939,83.9748750507627
4,0,-51.0208333333333,-15.1875,26.5133333206177,285,83.611949442054,13.1659999688466,70.7545184005051
10,0,-59.9375,-14.5208333333333,26.8613338470459,288,73.3891184419027,13.1043328444163,74.4903038854191
2,0,-64.6458333333333,-15.8958333333333,27.1059999465942,416,56.3145975534467,10.7150003115336,70.5119740006827
9,0,-43.8958333333333,-8.14583333333333,27.1033331553141,158,84.2752455927743,12.8030002911886,80.6843979491154
3,0,-54.9791666666667,-3.72916666666666,26.2933336893717,303,58.2261697500721,9.89866669972738,86.3155418915094
3,0,-62.9791666666667,-15.3541666666667,26.8053334554036,196,64.4982406096003,10.6536664962769,71.195317792681
7,0,-44.5625,-13.2291666666667,25.4353332519531,208,96.2800149036199,13.1606670220693,76.0908109177694
2,0,-62.4791666666667,-33.0208333333333,23.0639996528625,124,53.6937404321843,12.7786667346954,46.1790505800214
7,0,-53.3125,-3.27083333333333,26.0659999847412,309,69.0338842885354,10.2586668332418,87.5910769023151
6,0,-50.3125,-5.93749999999999,26.0413335164388,305,62.7941525218716,12.5273332595825,85.4058648495102
7,0,-57.7708333333333,-13.3541666666667,24.7459999720256,347,76.5596896467827,15.2466667493184,76.1267567517806
4,0,-62.8541666666667,-18.3125,26.8606669108073,126,55.4726721391344,11.0623335043589,61.4574051014191
10,0,-47.2291666666667,-12.0625,26.4439999262492,266,86.8594979177475,12.7569994926453,74.7071958185767
10,0,-44.1458333333333,-3.14583333333333,27.5073331197103,377,84.9406280232746,10.3769996960958,83.4969433258475
1,0,-53.3125,-27.6875,22.852666536967,195,9.88636596952058,13.1973332166672,54.9797257792982
7,0,-42.7291666666667,-17.8958333333333,22.3026666641235,253,86.2680811087265,12.0273331006368,65.6657191016412
7,0,-47.8958333333333,-3.56249999999999,26.4653329849243,369,76.465264456976,10.5430002212524,89.075714143904
8,0,-52.7291666666667,-5.52083333333333,25.6560004552205,309,68.5440926748535,11.5343333880107,91.0797046039387
7,0,-46.7708333333333,-18.4791666666667,22.5279998779297,325,87.211869279793,10.774999777476,66.2343251163436
4,0,-70.3125,-31.6458333333333,6.71399996678034,50,83.1754843921903,11.0673332757627,50.1147140884272
1,0,-57.4375,-20.7708333333333,27.8900003433228,165,47.570534488273,11.4726670583089,60.1418839521734
3,0,-44.6875,-14.4791666666667,24.8126665751139,231,95.3231228133188,12.5223329861959,73.0080029983211
8,0,-55.8125,-21.6458333333333,25.4213329950968,188,38.8523677825551,11.1300001144409,61.5461199946336
3,0,-50.9791666666667,-27.8125,19.8866667747498,172,15.1371246291141,10.8356668949127,55.4083989659003
3,0,-57.4791666666667,-29.9375,25.6533336639404,170,28.3806624647245,11.3739999930064,47.1402495903531
2,0,-47.3958333333333,-11.6041666666667,26.1559998194377,265,84.8081509485453,12.5100000699361,75.2888907790959
3,0,-44.1875,-7.77083333333333,27.0453332265218,168,83.369495397783,13.2499998410543,80.6942739311172
5,0,-64.9375,-19.0208333333333,16.9460000991821,130,92.9896644695249,13.8486666679382,74.0570379835715
5,0,-48.7291666666667,-13.7291666666667,24.8713334401449,268,85.2754978232553,11.9296667575836,71.3496804249965
6,0,-57.0208333333333,-29.3125,25.6053333282471,177,23.5319094646689,11.0833336114883,47.3889755689461
10,0,-65.0625,-31.3958333333333,20.7786666552226,104,61.7148501386955,13.105666577816,48.901741919089
5,0,-39.6875,-9.56249999999999,25.039999961853,92,78.309253415011,11.3840001424154,65.1855227031343
6,0,-56.6458333333333,-23.5625,26.7633339564006,178,35.5325178634411,11.5736664930979,57.2840339642229
8,0,-41.6458333333333,-14.7291666666667,23.2339998881022,71,92.9104662181671,10.6719999313354,71.7204336911108
3,0,-58.3125,-31.1041666666667,24.8533334732056,157,30.7103734586332,12.2983334461848,48.1155456718182
1,0,-58.3125,-14.8958333333333,24.7926667531331,297,73.8310397224049,14.7979998588562,75.1320126795699
1,0,-43.4791666666667,-8.06249999999999,26.5960000356038,170,84.3111603842363,13.2269999186198,82.4625883020714
8,0,-49.9791666666667,-3.52083333333333,26.9880002339681,425,78.2036545904397,10.860667069753,88.6150996248279
8,0,-69.5208333333333,-32.3958333333333,7.15333314736684,37,49.771772707142,7.76966665188472,39.3281373907327
10,0,-56.4375,-8.43749999999999,25.7660004297892,346,66.9317458449971,11.1593338648478,79.5504166285392
6,0,-66.6041666666667,-33.2708333333333,25.2526664733887,67,64.3239711421737,14.0216668844223,47.0905001435188
4,0,-54.8125,-27.2708333333333,25.0493332544963,169,12.9391297540561,12.1659999688466,53.8128099592711
3,0,-59.3958333333333,-29.4375,25.5859994888306,143,40.5112157798349,10.8693333466848,46.2446114736035
7,0,-47.3958333333333,-4.10416666666666,26.6833333969116,328,78.8145454456062,11.579333782196,89.0170095363023
8,0,-54.6458333333333,-13.0208333333333,24.9680004119873,301,84.7648098430716,14.9956669012705,73.8557312788878
2,0,-53.4791666666667,-26.9375,23.5073337554932,203,10.4002155809327,12.35700015227,54.5033518428116
3,0,-42.8958333333333,-8.60416666666666,26.5473333994548,153,86.7686211418461,14.0183335940043,83.0076574413399
1,0,-46.4375,-16.3125,22.5153331756592,269,87.4139650636477,11.7059997717539,66.9832870529913
3,0,-60.8958333333333,-25.1041666666667,27.2426668802897,138,63.2491335428356,12.6399998664856,51.2487860120438
4,0,-51.6458333333333,-24.8125,20.7580002148946,224,31.5812031436593,11.8130002419154,60.430733327692
9,0,-46.0208333333333,-21.4791666666667,22.5133334795634,282,73.0842504318802,13.1853334108988,61.1451183991551
5,0,-43.7708333333333,-8.64583333333333,26.9266672134399,153,86.3082525091772,13.3796666463216,82.3871110522829
4,0,-55.5625,-20.4791666666667,26.363333384196,224,51.9105523967375,11.4279995759328,64.5649735300582
4,0,-46.6041666666667,-16.1458333333333,22.3813330332438,276,87.3162322017053,11.5770001411438,67.1363943933199
4,0,-52.0208333333333,-14.9375,26.1440000534058,273,82.9390076725112,14.0873330434163,70.77639089441
3,0,-44.8958333333333,-10.9791666666667,25.348666826884,185,91.7736438792234,15.4733334382375,78.0063135164831
1,0,-45.1458333333333,-11.8541666666667,25.8139994939168,200,89.1007988471474,14.5973328749339,76.6666644127095
5,0,-40.3958333333333,-15.7291666666667,24.1899998982747,145,53.6115678161273,10.2339998881022,68.5924921968518
7,0,-47.2291666666667,-22.0625,23.7206665674845,241,75.4680450781185,12.8566668828328,62.5081018419774
8,0,-60.5625,-23.9791666666667,27.6279996236165,101,60.196595795755,13.3639997641246,53.4560010956828
4,0,-65.8125,-33.4375,23.0193333625793,82,60.1664371456964,15.8086666564147,51.4739088808276
2,0,-42.3125,-15.9375,23.6546665827433,186,91.4555972122915,12.1646667321523,69.5759966389761
9,0,-45.1041666666667,-16.1458333333333,24.9420000712077,214,92.9658361209132,14.3433330059052,67.3143074238092
7,0,-65.3125,-24.9791666666667,19.886666615804,135,104.820062158842,12.2139996886253,54.3327393585477
9,0,-42.2291666666667,-8.97916666666666,28.0180002848307,137,90.9007080662645,13.5696663856506,82.3801984281743
10,0,-54.6458333333333,-10.0625,26.9313329060872,361,74.0376971958245,12.7303333282471,80.5921354106481
7,0,-69.5208333333333,-23.7708333333333,18.2380002339681,1,33.3642404640653,15.0160000324249,66.3250860797401
4,0,-58.4375,-15.1875,25.206000328064,284,72.5715924412797,13.7203333377838,74.7131979597895
8,0,-52.3125,-19.1458333333333,24.6386664708455,283,69.5348360842428,12.455667257309,66.4940550384899
8,0,-50.1041666666667,-26.6875,21.257333278656,163,18.8595258672822,11.136666615804,55.516780249859
6,0,-51.5208333333333,-29.6458333333333,23.6386664708455,154,14.3792327290449,9.84799965222677,51.2596304175926
9,0,-51.3541666666667,-8.02083333333333,25.6526667277018,280,67.4159601280945,13.1506660779317,88.3781372287001
1,0,-55.4791666666667,-10.5625,27.0573333104451,339,75.0688370999945,12.9633331298828,80.4975972192316
4,0,-47.0625,-8.68749999999999,26.0560000737508,242,80.3885648762761,13.5496668815613,82.9232874748727
1,0,-51.4375,-20.5208333333333,25.5306666692098,215,64.8938989302896,12.2000000476837,62.0296894390904
6,0,-61.7708333333333,-11.0625,25.0080000559489,382,72.9852337043482,13.5003329118093,81.8202041945913
7,0,-47.6875,-6.77083333333333,25.6826667785645,286,72.1707204831061,12.2410000165304,83.0461343731877
5,0,-50.8541666666667,-4.02083333333333,26.1126670837402,365,78.2791768899139,10.4993332227071,88.1112193692027
9,0,-70.3541666666667,-30.8958333333333,4.51933328962574,36,71.8971207051403,9.71166660186524,50.1739338120532
2,0,-56.2708333333333,-5.39583333333333,27.2280000050863,362,55.4265246933961,10.2406663894653,87.6769502928221
9,0,-58.6875,-12.5625,25.4046669006348,344,77.3595519433708,14.5266671180725,75.801847253673
7,0,-59.7291666666667,-21.9375,28.6479994455973,90,55.5869244924905,13.343666156133,58.4325884461638
3,0,-59.2291666666667,-8.06249999999999,26.3393325805664,311,65.2230185718202,11.1606664657593,87.5758546775093
8,0,-65.8541666666667,-21.9791666666667,14.3520001570384,73,117.433051910412,17.5860001233717,63.6620321954304
6,0,-49.9791666666667,-3.81249999999999,26.7733332316081,408,78.7828322336262,10.8069996833801,88.3502237844434
7,0,-69.4375,-17.6041666666667,9.88400000830491,98,123.213002846018,21.9023332272967,77.6348112151849
3,0,-44.1875,-21.6875,20.6873332659403,296,79.4991516342371,11.6933336257935,60.4994494218325
5,0,-52.5208333333333,-30.6875,22.3766667048136,145,13.0252721489225,9.45733352502187,44.9493028889434
9,0,-69.1458333333333,-22.8958333333333,17.1120001475016,4,82.241330021081,15.691666940848,63.880749531451
3,0,-67.9791666666667,-21.1041666666667,11.0573333203793,29,160.754006037906,19.4143331820766,63.720406745575
6,0,-49.9375,-6.64583333333333,26.1560001373291,283,59.2576444499285,13.0686672528585,84.4010892809549
7,0,-50.7291666666667,-13.0625,27.2600002288818,294,85.203476653569,13.217333316803,74.6067520308104
1,0,-57.0208333333333,-6.81249999999999,26.4726667404175,335,62.1263142691512,10.7479998270671,85.3015962592549
10,0,-60.3125,-23.3541666666667,27.9093335469564,86,55.8089612860509,13.4036667346954,54.4510323361285
2,0,-50.1875,-4.56249999999999,26.3806664148966,358,75.7520339660176,11.0703333218892,87.9994705010136
2,0,-57.8125,-19.4791666666667,28.5813331604004,171,57.0295659074094,11.0183334350586,62.5047405110522
4,0,-47.0625,-21.6458333333333,23.6106665929159,245,76.2897275548389,12.6863329410553,61.5363475937625
7,0,-46.9375,-5.72916666666666,25.5986665089925,231,71.7526116695502,12.4633332888285,84.348498063973
7,0,-62.6458333333333,-21.2291666666667,28.0666669209798,88,82.6582300900144,12.9533332188924,56.3188447525614
6,0,-60.2708333333333,-30.0625,25.2640002568563,150,46.7428351250746,12.4500002066294,48.6100246635188
10,0,-44.6041666666667,-2.1875,27.1035712560018,330,87.919431268499,7.83452367782593,83.6638791245365
1,0,-58.2708333333333,-12.2291666666667,25.3519999186198,341,78.4083443035304,13.5953330198924,76.9837705069917
8,0,-55.2291666666667,-34.6458333333333,21.2993329366048,106,8.85853797053802,9.6100001335144,45.6401997652456
10,0,-63.8125,-18.3125,21.5686667760213,132,70.3692642576317,14.495666662852,71.0293349092075
2,0,-54.9375,-23.2291666666667,25.1553338368734,196,32.1251253578396,11.9666667779287,59.6900795431065
5,0,-55.5625,-29.6875,24.6906665166219,172,11.358730680312,11.1983336210251,49.0896600566306
10,0,-53.7708333333333,-20.0625,25.0506664911906,244,58.169884210446,12.0376664797465,67.9020007454167
6,0,-39.4375,-8.52083333333333,26.7566661834717,137,103.472685369921,10.784999926885,64.1658817254933
7,0,-58.2291666666667,-14.4791666666667,24.3406667709351,317,75.0594942804425,14.9233330885569,75.9843867226518
9,0,-66.3958333333333,-30.8958333333333,24.4220005671183,91,85.8300403215932,13.6420002182325,46.0132199454479
7,0,-40.1875,-15.1041666666667,24.2259998321533,131,40.3108243308521,8.71233344078064,65.2511433805495
2,0,-53.1041666666667,-13.5208333333333,25.5799996058146,272,81.8856421915762,15.375333627065,73.2716930927533
5,0,-46.7708333333333,-16.9375,24.2066666285197,273,88.0166668616227,12.8716662724813,65.6449766867439
9,0,-46.8125,-2.3125,26.3526668548584,401,70.0643261131153,9.99066654841105,88.0079765763992
8,0,-58.7708333333333,-33.1041666666667,23.718666712443,115,26.4684073028423,11.8336666425069,46.3411117828252
2,0,-54.3958333333333,-15.6875,24.3313331604004,295,78.3656180070492,14.7053333123525,70.7940229212111
4,0,-50.1458333333333,-23.6875,23.3599999745687,169,31.214585031317,12.7756663958232,62.3446517388624
9,0,-60.9375,-11.8958333333333,25.3413330713908,306,73.0933435016111,13.3243330319722,80.0356438283573
3,0,-62.8125,-28.4791666666667,26.2113329569499,113,70.0243796528521,13.1690000693003,48.9408357106965
6,0,-43.1458333333333,-4.77083333333333,28.4839992523193,353,94.5043906251247,11.985999584198,78.6070318724128
6,0,-44.0625,-20.3125,22.4079996744792,301,86.6492425426668,12.3613331317902,64.4625227520905
3,0,-60.8958333333333,-9.93749999999999,25.3873335520426,335,74.4231981820015,12.0836666425069,84.2184764589286
8,0,-47.6041666666667,-3.72916666666666,26.489333152771,355,77.2222033355249,10.7546666463216,89.3838681397258
6,0,-45.1458333333333,-17.8958333333333,24.5300003687541,222,91.0943151371558,13.7160001595815,66.031195614445
4,0,-46.3125,-12.3125,24.6059999465942,282,85.957077621267,12.4179995854696,80.8463532749576
9,0,-58.3125,-11.9791666666667,25.525333404541,336,77.6388902433988,13.7349996566772,77.2671038246441
9,0,-67.3541666666667,-23.8541666666667,8.79866693417231,24,121.550890412668,21.2483334640662,71.1503255962897
9,0,-52.3541666666667,-13.7708333333333,25.6253334681193,269,83.2953408137293,14.5229998429616,73.1858528594123
10,0,-44.3541666666667,-3.4375,28.0906664530436,342,84.2538484321877,10.3493323326111,82.3991462792197
1,0,-59.8125,-24.0208333333333,27.7033338546753,103,48.8379594232994,12.9406669139862,53.8835235883696
3,0,-66.9375,-15.8541666666667,25.5353333155314,293,57.2001217976386,11.051332950592,70.7874282361887
6,0,-50.6875,-15.1458333333333,26.5853328704834,282,82.9481105691269,12.9763331413269,70.0665919038202
3,0,-59.3958333333333,-28.3541666666667,26.0013332366943,143,42.1953663310878,11.3156670729319,47.6971317599234
7,0,-59.9375,-13.6041666666667,25.1319999694824,320,73.6301847628139,13.688000202179,76.1968322237837
10,0,-58.3125,-10.4375,26.0553334554036,334,76.767519479909,12.1070001920064,81.3642531911453
1,0,-64.9791666666667,-15.3125,27.103333791097,349,59.0062129903145,10.5830005009969,70.1046636878876
3,0,-42.1041666666667,-6.27083333333333,27.9199997584025,256,91.5872682401206,11.8723328908285,79.787177678827
2,0,-58.9791666666667,-24.8541666666667,27.7779998779297,122,41.4470184360119,12.0733330249786,50.5244919208072
2,0,-46.1875,-5.18749999999999,25.8826665878296,228,83.8109159725155,12.1930001576742,87.9218353824815
10,0,-45.3125,-2.6875,26.9613332748413,372,75.174044028274,9.90233325958252,83.9180703323425
3,0,-56.6041666666667,-14.6875,25.2373336156209,232,67.0766879769791,13.2736665407817,76.0407055805386
8,0,-47.0625,-5.10416666666666,26.0613330205282,264,79.8333034345375,12.6693334579468,86.6575539230459
6,0,-52.4375,-10.5625,26.7339998881022,335,76.3757251288469,14.5149993896484,82.3779810984121
6,0,-64.3541666666667,-27.6041666666667,26.346666653951,134,86.7063135837415,12.9610003232956,46.4751883949652
3,0,-51.8958333333333,-6.02083333333333,25.2093331019084,298,64.271364928606,12.7799995740255,89.6213139473953
4,0,-57.6041666666667,-12.0625,25.3873329162598,348,80.2936799526854,13.1923333803813,76.6461306085245
10,0,-43.0208333333333,-8.18749999999999,28.0059995651245,157,85.9319857606004,13.7440007527669,81.9656550597994
7,0,-54.1875,-18.0625,25.8339996337891,272,69.1447675682808,13.6719999313354,68.5382024079656
9,0,-65.3125,-14.2708333333333,27.0686670939128,267,62.5095295036026,10.9043324788411,74.3004556488277
5,0,-58.6875,-30.2291666666667,25.4513333638509,150,34.0999904727546,12.0489999850591,48.2037147338295
5,0,-46.3125,-16.4791666666667,22.6253334681193,262,87.3861665443592,11.7483331362406,66.9649644090775
4,0,-46.7291666666667,-14.6458333333333,25.7440001169841,225,85.7901548560931,12.1353341738383,71.4179166522145
5,0,-45.2708333333333,-13.1458333333333,24.6986668904622,226,90.0360223429537,12.0780001481374,78.4285694763996
4,0,-67.5625,-23.7708333333333,3.82933346430461,29,114.609929729404,21.3140000502268,71.1890459216699
5,0,-47.8125,-9.60416666666666,26.1126670837402,261,80.1069004810611,13.2123330434163,80.1524729598452
2,0,-43.6041666666667,-14.6041666666667,25.42866675059,179,95.5764080807182,12.6830004851023,73.4650129131421
7,0,-47.8125,-10.9375,24.8326667149862,266,81.7850418480371,12.3106665611267,76.5969771990434
4,0,-66.1041666666667,-20.6041666666667,12.5553334554036,59,117.43898445543,16.4346667006612,64.1678381540083
4,0,-60.2291666666667,-31.8958333333333,24.1126670837402,153,44.8069909436909,11.9633338451385,47.2485526806176
1,0,-63.8541666666667,-12.1875,26.3020000457764,249,68.0380330260168,11.2949997584025,81.0025896847681
3,0,-54.4375,-27.7708333333333,24.8173332214355,183,9.61441186386421,12.161333322525,53.2550932162753
2,0,-42.9375,-22.7291666666667,25.903333346049,189,56.8774043385123,10.042333205541,57.874210861353
3,0,-67.5625,-16.8541666666667,13.417333205541,145,87.3419295480932,16.7466664947569,76.8759943702641
10,0,-48.0208333333333,-19.1041666666667,22.5280000368754,309,83.5545552869249,11.8043332894643,67.7942424258192
1,0,-58.8125,-20.0208333333333,28.8126659393311,127,55.1770688233203,12.0506667296092,62.193784395004
1,0,-41.1041666666667,-19.5625,24.9459997812907,197,62.0070317758733,11.281999985377,65.2591351996362
6,0,-59.1041666666667,-33.8541666666667,23.3339999516805,115,22.5343056284322,10.246000011762,43.951611536838
2,0,-64.4375,-17.6458333333333,19.056666692098,165,59.9284121202693,14.3580000797908,72.2815135329027
6,0,-56.8958333333333,-28.5208333333333,25.9173332850138,161,21.1963333810303,10.9183334509532,48.0137799509586
7,0,-59.6875,-17.1041666666667,28.078000386556,276,56.4001491965598,11.9946667353312,68.447081833172
10,0,-58.5625,-13.3125,24.8113330205282,350,75.8669845341863,14.8236664136251,75.3082052445081
8,0,-45.4375,-18.2708333333333,23.2066666285197,255,89.3289016640038,12.6689999103546,65.7378565002241
4,0,-51.8958333333333,-27.6458333333333,22.5700000127157,196,16.7225429323767,11.4546667734782,54.9859176783281
9,0,-49.6875,-0.229166666666662,28.1999998092651,454,70.7150121681241,8.24666627248128,77.3608340992846
2,0,-58.1041666666667,-19.1875,28.5693330764771,158,58.3328298719131,10.9246665636698,64.0217246319304
8,0,-43.0625,-6.47916666666666,27.6393330891927,251,85.0156571675851,11.4670000076294,77.5845802077591
3,0,-52.0625,-8.68749999999999,25.7326666514079,300,69.898558280931,13.1290001869202,87.8546572030999
2,0,-59.1041666666667,-8.39583333333333,25.9613332748413,315,67.0792785394539,11.2903326352437,86.6620566551457
1,0,-56.6458333333333,-30.3958333333333,24.7859996159871,168,20.539949046503,11.8310002088547,48.1561410992425
8,0,-65.8125,-32.1041666666667,25.9253333409627,101,59.902249449465,15.0696667432785,51.3972268080846
3,0,-43.1041666666667,-13.2708333333333,25.9959999720256,177,92.5680848694261,12.8976661364237,79.2629464380255
9,0,-63.9791666666667,-28.1875,26.5046666463216,118,81.2299547003027,13.2650000254313,47.9504048907202
2,0,-46.0625,-19.1458333333333,21.9653337796529,290,82.0294433212805,11.4230003356934,63.236269102126
7,0,-49.7708333333333,-22.4375,23.0786670049032,215,59.862162750902,12.5980001290639,62.32930734821
6,0,-46.6041666666667,-0.895833333333329,27.016666730245,449,86.9326733484716,7.58333301544189,84.2592557271322
1,0,-64.1875,-30.8958333333333,20.4946664174398,109,66.8503775328374,13.5306663811207,51.9930308785453
9,0,-55.8541666666667,-12.3541666666667,25.127999941508,345,80.4862870888496,14.5056664943695,74.8950148260706
7,0,-43.8125,-8.72916666666666,27.4126663208008,152,87.1083290098417,13.1509998639425,81.8459097312496
1,0,-50.2291666666667,-28.6041666666667,18.9733335177104,158,13.8573925723036,10.2583330074946,56.5384313122786
9,0,-45.1875,-9.68749999999999,26.1599998474121,188,87.6684823840703,14.1516665617625,81.5000407616514
8,0,-50.8958333333333,-12.6041666666667,27.5093326568604,304,84.9839534231332,12.9103336334229,76.4467776056431
6,0,-65.0625,-22.8958333333333,17.4193334579468,93,101.964195350627,14.883999923865,63.5091293394072
9,0,-48.8541666666667,-27.8958333333333,19.1486665407817,216,25.8297018414994,9.49700005849203,54.4178346358786
1,0,-55.0625,-11.6041666666667,25.5433330535889,320,83.3149916811164,13.9233331680298,76.1837047337335
5,0,-43.6875,-17.6875,22.5126667022705,232,85.4820908104554,12.1790002981822,66.4067622511095
4,0,-61.7291666666667,-31.6875,23.802666982015,141,52.4266388063964,12.8336666623751,47.7585078034186
2,0,-64.2291666666667,-14.2291666666667,26.8880001703898,250,67.121168425322,10.7263331413269,75.5375634210261
5,0,-49.5208333333333,-6.06249999999999,26.8486658732096,294,63.4944238969427,12.6133324305216,83.0917902621591
2,0,-65.6041666666667,-25.8958333333333,16.5506666501363,58,110.786993767516,13.4656665846705,58.2223540062045
1,0,-45.3541666666667,-7.02083333333333,26.903333346049,201,78.9670485389756,12.6969997088114,82.9869199941275
4,0,-46.6041666666667,-3.64583333333333,26.4999996821086,344,78.3727469507195,10.6313330332438,89.8220060474573
7,0,-49.9375,-14.1458333333333,26.4900000890096,272,84.6489725596829,12.3919995625814,71.8626685498286
6,0,-47.9375,-13.4791666666667,25.4086666107178,265,86.558024412191,11.8796666463216,71.4953490773782
4,0,-59.6875,-34.4375,23.3980002403259,121,26.7655797187666,12.3183332880338,46.5264135639796
4,0,-53.4375,-4.97916666666666,25.8766670227051,291,68.7652208334986,11.0830003420512,90.5473759987218
2,0,-55.0208333333333,-29.4375,23.7646668752034,166,8.57555450560467,10.5353333950043,48.9833234698012
7,0,-42.3541666666667,-11.4791666666667,24.3700002034505,131,89.6077237155929,12.8146668275197,78.8303790511113
6,0,-63.7708333333333,-16.5208333333333,26.903333346049,304,53.5578497752618,10.6676664352417,66.9406744708053
8,0,-46.4791666666667,-8.97916666666666,25.3539997736613,228,81.7093245906633,14.5300001303355,81.0283206280479
2,0,-60.4375,-15.8541666666667,27.7626667022705,231,67.509387609999,11.9876666069031,70.1525460392879
10,0,-49.1458333333333,-23.0625,22.4220000902812,185,55.896148093309,12.9113330841064,66.4710351113112
6,0,-62.0625,-16.2708333333333,25.7566668192546,177,57.739398797427,10.5773335297902,68.6305069685819
6,0,-49.8125,-3.85416666666666,27.1020005544027,412,78.4922068729926,10.3679998715719,87.5379797545806
3,0,-49.9791666666667,-13.0208333333333,26.8153336842855,291,85.8913428004719,13.097666422526,74.7583680382956
7,0,-41.3958333333333,-10.8125,23.7293332417806,96,82.3839218578621,12.1900002161662,74.8036319134826
3,0,-43.2708333333333,-20.6875,22.6806670824687,263,80.3724222290542,12.3709999720256,61.8179059094764
5,0,-56.4375,-18.0208333333333,27.675999323527,227,65.490035861688,12.6353330612183,67.6844453930555
9,0,-58.2291666666667,-15.3125,26.1746664047241,272,71.9899277406186,13.9170000553131,74.2002579334178
10,0,-51.2708333333333,-22.8541666666667,24.5079997380575,179,45.4571256539736,12.1256666183472,63.6317557752826
10,0,-67.5625,-33.0625,25.60733350118,53,71.7944700981609,14.762333398064,45.1557964643601
2,0,-58.5625,-14.7291666666667,24.8213335673014,305,73.3475915790102,14.6850000222524,75.1997138163095
4,0,-53.8541666666667,-2.52083333333333,26.4273331960042,300,68.1663355121614,9.35999981562296,85.0599787552372
6,0,-56.1041666666667,-27.5208333333333,26.0239998499552,187,17.2509182276515,11.8193329970042,52.4930387481075
5,0,-66.3125,-33.0625,23.7426665623983,77,64.8624682492468,13.5743329723676,48.8777655643914
9,0,-55.5208333333333,-13.6041666666667,24.598666826884,314,81.4563565824851,15.2476668357849,74.6117974777657
3,0,-42.6041666666667,-11.6875,23.8386665980021,141,87.7034743566099,13.4726665019989,77.8047312074076
8,0,-49.1875,-5.22916666666666,27.4860003789266,325,72.3144814940566,11.9743334452311,82.4905816234844
6,0,-59.6041666666667,-21.1041666666667,28.6753333409627,98,55.8298022913417,12.8833334445953,59.4908237696177
10,0,-62.6041666666667,-20.8958333333333,27.6326672236125,82,82.148240500179,12.7073335647583,57.2402417744838
1,0,-60.1041666666667,-17.3958333333333,27.5006669362386,257,53.1429794917848,11.7266670862834,67.8312454885091
10,0,-58.6041666666667,-24.4375,27.8000005086263,124,39.7436649371422,12.1210002104441,52.9578838557604
3,0,-51.0208333333333,-26.9375,19.6140000025431,169,16.8767446423001,11.6673334042231,56.7036026588801
10,0,-47.3125,-7.68749999999999,27.0126667022705,257,76.0479645745636,12.5213333765666,82.900776619893
5,0,-53.6875,-8.56249999999999,26.2980003356934,322,68.6137948604049,12.3483336766561,84.0022655494535
3,0,-48.2708333333333,-10.8541666666667,26.0493335723877,266,79.8509599484982,13.1313331921895,75.0190518770417
7,0,-50.1458333333333,-15.3125,25.4586671193441,278,81.6486244012617,12.118000348409,70.7001133689068
9,0,-41.1041666666667,-14.7708333333333,23.5253330866496,146,86.0560713407841,9.76133330663045,68.6065049285574
9,0,-59.6458333333333,-14.9375,26.9666668574015,278,72.4100227162241,13.1963328520457,73.9042019552284
7,0,-45.0625,-7.68749999999999,26.7279996871948,183,80.1650381115871,13.350999991099,82.0489215641916
4,0,-37.8541666666667,-12.1041666666667,25.5286664962769,282,48.1232933156225,7.88100004196167,67.3589703252437
1,0,-62.5208333333333,-32.5208333333333,23.2286666234334,122,53.7211559076149,12.7446667353312,46.0295686633135
4,0,-61.3541666666667,-13.0208333333333,26.0806665420532,291,73.6010840220948,12.6486663818359,77.9819168760497
10,0,-55.7708333333333,-22.8125,25.6913334528605,188,34.0485341916895,11.5283331076304,59.8812237400443
7,0,-69.4375,-25.4791666666667,14.5399998823802,3,51.1329199942414,13.640666325887,70.8385245957728
2,0,-53.8541666666667,-18.9375,25.0193332036336,269,64.8908122148923,12.7719999949137,68.3140774880102
1,0,-43.4375,-15.0208333333333,23.8573331832886,188,95.5677064965643,12.3756666183472,73.1768338352266
10,0,-60.8958333333333,-26.9791666666667,26.5733331044515,151,60.0087422441338,12.9500002066294,51.2181616968533
4,0,-66.7291666666667,-21.0625,13.1426664193471,47,137.528693057636,21.0539999231696,64.6224676871475
1,0,-53.3541666666667,-20.8958333333333,25.7666664123535,204,51.9656209255635,11.9453330039978,65.8072607867604
8,0,-62.1041666666667,-26.3958333333333,27.3033339182536,110,72.7355367205642,13.3636667728424,49.2034844575846
4,0,-62.0625,-26.9375,26.7493330637614,112,69.0755690475167,13.1559998591741,49.1702789600143
10,0,-65.0625,-24.4375,24.0926666259766,134,98.9802335861463,12.9983332157135,52.5567413952554
10,0,-47.6458333333333,-12.1458333333333,25.3666664759318,267,86.2808061877982,11.4626670678457,73.8764321991907
3,0,-55.7708333333333,-34.4791666666667,21.9893334706624,109,7.97514017725659,10.6516670783361,46.3922762117056
1,0,-50.1458333333333,-2.02083333333333,26.6299997965495,408,63.3974824592834,10.0529996554057,88.3391950507707
4,0,-64.3541666666667,-24.1458333333333,21.8940000534058,162,91.898102869535,12.2433332602183,51.9577902238045
7,0,-68.2708333333333,-21.8125,6.1420001188914,29,153.415656425163,21.6696665684382,71.906247673383
5,0,-49.6875,-12.6458333333333,26.8873332341512,292,86.0023867189771,13.0186669031779,74.5628154972558
3,0,-47.0625,-1.89583333333333,26.7919998168945,420,71.7589579788487,10.260333220164,85.990045778814
10,0,-60.2291666666667,-11.2708333333333,24.6120001475016,337,76.32492680094,12.6816664536794,80.3858166536546
8,0,-65.8541666666667,-32.7708333333333,20.6160001754761,86,59.8839322625711,13.7826666968564,49.414406364931
7,0,-57.2708333333333,-22.3958333333333,27.2506669362386,181,41.3033395666361,11.8930000464121,58.9579563868808
8,0,-55.4791666666667,-29.1875,25.0900001525879,176,11.8771599597636,11.7433335781097,50.4785639938029
2,0,-45.4375,-11.9791666666667,24.6913334528605,225,88.4807552947343,13.1456666787465,80.5296934450682
10,0,-66.3541666666667,-20.2708333333333,12.8879996538162,50,122.444713348239,16.7523332027098,63.035572205017
10,0,-43.9375,-7.47916666666666,27.0466658274333,179,83.5123331304776,12.0523327191671,78.8352573170143
5,0,-56.5625,-16.3541666666667,26.9046662648519,212,67.1927187411472,13.1563336054484,69.9061308118225
1,0,-64.3958333333333,-25.5208333333333,24.9613335927327,142,95.1783563390436,12.5763337612152,49.5677653203478
4,0,-49.9791666666667,-14.4375,26.1979996363322,271,84.109955058733,12.6720000902812,70.9042092334729
7,0,-55.0625,-4.14583333333333,26.2699998219808,314,55.5676295104647,10.1313333511353,86.4448288797337
2,0,-60.3125,-16.6458333333333,27.7180004119873,236,61.1564033273346,11.7256671587626,68.6032442035869
4,0,-52.8125,-33.2291666666667,22.2853333155314,131,14.6090139119048,7.19100026289622,39.994439684471
2,0,-57.5625,-11.8958333333333,25.3933334350586,347,81.1003892483554,12.8836670716604,76.9449757348634
8,0,-66.7291666666667,-14.8958333333333,27.3606665929159,284,59.5844001308949,10.2566665013631,71.6848438910271
2,0,-60.8125,-11.3958333333333,24.7326666514079,340,74.1413758655098,12.896333138148,80.4211332980275
6,0,-53.6875,-6.60416666666666,25.4726667404175,318,65.4053290875795,12.0123332341512,87.9895585737394
3,0,-52.7291666666667,-6.43749999999999,25.4400002161662,307,62.368378918779,12.745000521342,89.3758668447928
4,0,-57.9791666666667,-31.5208333333333,24.6393330891927,150,26.3258320404373,11.5830000241597,46.3913838428331
3,0,-67.2708333333333,-26.6875,10.4479999542236,29,104.927695122532,14.2839998503526,61.2311389758288
4,0,-51.7291666666667,-7.43749999999999,25.4666665395101,296,64.412787373517,13.2246658007304,88.2585967967298
6,0,-42.5625,-5.43749999999999,28.5759998957316,337,95.3987733073521,12.079000155131,77.9894173834413
6,0,-50.1875,-17.1041666666667,24.3473335901896,293,78.3330688096601,11.8823333581289,69.748371198351
7,0,-58.3541666666667,-26.3125,26.8493331273397,162,37.9776612259478,11.1543335914612,50.2356933608137
8,0,-51.5208333333333,-11.6041666666667,27.417999903361,302,83.8312656422695,14.295333703359,79.9515260032692
2,0,-49.6875,-7.02083333333333,26.4853337605794,277,60.902242791067,13.1926670074463,83.5825409912631
3,0,-51.8125,-28.4375,20.8406664530436,197,14.379113348803,10.9410002231598,54.476200771235
5,0,-69.3125,-21.5208333333333,20.096666653951,3,66.5719023448946,12.6716667413712,61.5129456312353
4,0,-51.4791666666667,-18.6458333333333,24.1426661809285,286,74.0577215692647,12.3729998270671,67.4792766797584
1,0,-45.8125,-4.97916666666666,26.707999865214,251,86.352792160903,12.1800001462301,86.2850607250068
6,0,-55.0208333333333,-8.14583333333333,27.0333331425985,342,68.1759992482018,11.6979999542236,81.4397082516197
6,0,-46.1875,-23.8958333333333,25.0083332061768,357,35.7167082877979,8.91909742355347,52.7757255909875
7,0,-43.7291666666667,-22.0208333333333,22.718666712443,230,78.012882215588,10.7083330949148,59.9034059783542
2,0,-54.2708333333333,-13.0208333333333,25.0226656595866,294,84.5291983134774,14.9663334687551,73.4075657762307
5,0,-58.2708333333333,-9.43749999999999,26.4839995702108,312,71.7176925599336,12.1570000648499,83.4271071473729
3,0,-60.7291666666667,-29.1875,25.550666809082,147,51.3778384621968,12.0683331489563,48.0274316474587
10,0,-44.7708333333333,-8.72916666666666,26.6826670964559,168,81.9700661454237,13.6006668408712,81.7544213963619
2,0,-63.3125,-24.5625,27.2606665293376,134,84.5159961607447,12.7056667804718,48.6136593549694
10,0,-58.9375,-15.3958333333333,26.5906667709351,279,70.7479852811279,14.0833339691162,73.9826280589242
1,0,-43.9375,-2.72916666666666,27.5000006357829,403,86.588630832395,10.0219999949137,83.6281627595521
2,0,-59.7291666666667,-11.3125,24.6153332392375,336,77.4002047530961,12.739333709081,80.2629356844481
4,0,-47.4791666666667,-11.1458333333333,25.2953329086304,260,83.1497822660709,12.9906667868296,76.1826532103072
3,0,-54.5625,-11.4791666666667,25.5786663691203,328,82.117670562462,14.1176664829254,75.8687978819903
4,0,-40.1875,-16.3541666666667,24.8859999974569,119,42.2714204018086,10.0336670875549,68.1820287989432
8,0,-51.1041666666667,-17.3541666666667,23.3499997456868,289,76.2126718786968,12.0339999198914,71.4099201934422
1,0,-54.8125,-5.02083333333333,26.1866668065389,332,64.85046159443,10.660666624705,88.5143313762054
10,0,-52.6041666666667,-24.2291666666667,22.3893334070841,195,27.8739615952642,12.0546668370565,62.3044578719673
10,0,-47.2708333333333,-7.35416666666666,26.7533327738444,269,75.6437524743577,12.6639997164408,82.4264376474779
2,0,-48.1041666666667,-2.5625,26.7926667531331,406,74.7523111148799,9.78966665267944,89.2566218540617
3,0,-59.7291666666667,-28.3541666666667,25.7859999338786,149,45.7534504350389,11.2653332153956,47.7182865236916
6,0,-52.9791666666667,-8.22916666666666,25.9553337097168,311,67.739723656538,12.7276668548584,86.3477978666166
5,0,-48.6458333333333,-8.93749999999999,25.2333329518636,279,75.0169940319081,13.2046670913696,85.3455725645555
3,0,-69.3125,-20.9375,19.100666364034,4,78.3228890129776,13.3626664876938,63.5349312925525
8,0,-43.9375,-21.7291666666667,20.2893333435059,290,78.3039507671936,10.4089996814728,60.2233280310349
5,0,-48.1041666666667,-22.0208333333333,23.4113330841064,242,73.5965801183413,11.1990001996358,60.4306089391445
4,0,-43.9375,-4.22916666666666,28.6480000813802,356,93.8305545867504,11.01833375295,81.9572447906034
1,0,-47.5208333333333,-0.812499999999995,27.1120001475016,510,78.4044016625369,8.51933352152506,85.5011332937468
8,0,-43.0625,-19.8541666666667,22.4333333969116,310,84.1888109009227,12.4519999821981,61.7536186596531
9,0,-59.1041666666667,-32.8541666666667,23.7819999059041,120,28.263800068002,11.6196664571762,46.2492701965801
7,0,-57.1458333333333,-17.1875,27.671999613444,216,66.987246058645,11.5989998181661,65.1482841164008
9,0,-66.1875,-26.9375,17.9766669273376,48,110.938073360876,14.0406666596731,54.9321853541003
4,0,-48.6458333333333,-24.3541666666667,20.5226666132609,195,41.1761556269863,10.4170000553131,53.2131191018469
10,0,-49.4375,-9.60416666666666,26.1900002161662,277,76.2152643411406,13.1146669387817,83.3206196967776
9,0,-46.4791666666667,-21.8541666666667,19.9113334019979,309,73.0088658239343,11.7073333660762,59.9392420416777
8,0,-59.0625,-29.7291666666667,25.720666885376,145,37.9196085754821,11.4559998909632,47.0510919485383
3,0,-42.3541666666667,-16.3541666666667,23.6480003992716,194,89.8302363633175,12.3710000514984,69.2820308455089
1,0,-44.8958333333333,-17.5208333333333,24.5239995320638,217,93.9276838279693,13.8343334197998,65.6277678836329
8,0,-45.7708333333333,-6.97916666666666,26.5640001296997,218,79.1109871832794,13.0056667327881,84.8269272994513
1,0,-58.0208333333333,-29.7708333333333,26.0040000279744,155,30.4039824433574,11.721666653951,48.0474942529095
6,0,-44.0208333333333,-11.0208333333333,25.7526661554972,162,89.1663325708039,14.4203334649404,79.5648520562081
4,0,-51.7291666666667,-2.52083333333333,26.7859996159871,360,66.2272728702646,10.1970001856486,86.8273214927429
4,0,-66.2291666666667,-31.0208333333333,25.9146661758423,96,81.6609560795486,14.3909999330839,47.3139147943219
9,0,-56.9791666666667,-23.5625,27.1833333969116,172,37.4292782068422,11.492333094279,56.7466579919913
6,0,-60.4791666666667,-10.5208333333333,25.3679997126261,342,75.0818940892955,12.0916666984558,82.7063446091305
8,0,-62.5625,-15.1875,26.7226661046346,200,67.4985395618041,10.767332871755,71.8780587502444
7,0,-54.5625,-15.6041666666667,23.6559998194377,296,77.5520744972807,14.5666666825612,71.5033682806367
3,0,-58.1875,-20.8958333333333,28.3786665598551,139,51.0812327476743,12.0203327337901,59.8026492818959
1,0,-54.8958333333333,-18.6875,25.1873331069946,251,63.2122889485133,13.0199997425079,68.8888923929835
8,0,-70.5625,-29.6041666666667,7.65266660849253,22,77.1248243366354,8.25766671697299,52.4896161175601
10,0,-63.1458333333333,-17.4375,26.5813334782918,205,48.4664071054204,10.4433330694834,61.8974266260364
2,0,-52.1875,-17.6041666666667,22.6013333002726,314,72.993766972354,12.4803331693014,71.6601567918811
6,0,-55.1041666666667,-28.6041666666667,25.1106669108073,182,9.32159054390506,11.7086663246155,52.2148900023123
2,0,-47.8958333333333,-7.06249999999999,25.8893334070841,283,70.6637764909936,12.231999874115,82.8053100784502
5,0,-68.5625,-16.6041666666667,10.4586664885283,151,91.2912575443578,17.5333334828417,69.301715460758
7,0,-50.4791666666667,-15.6041666666667,26.2086664835612,285,81.7387893674127,12.5803332328796,70.3440730662604
5,0,-62.5208333333333,-15.5625,26.4453337987264,190,65.2927956547813,10.7330005963643,70.6304280911248
4,0,-41.9791666666667,-4.39583333333333,28.0433333714803,384,104.61805244468,11.8929998079936,80.2930028859185
5,0,-45.2708333333333,-7.27083333333333,27.2546675999959,177,78.583820795387,12.5976672172546,81.8455398507183
8,0,-51.0208333333333,-1.8125,26.6873334248861,350,57.3428407088498,10.2196671168009,87.4372492233175
3,0,-44.1458333333333,-19.4375,23.1346667607625,266,87.7674018192135,13.2526670296987,63.5680511381941
5,0,-51.0625,-1.39583333333333,26.7366669972738,329,53.6458769089698,10.381333510081,87.0624961043375
9,0,-62.6875,-16.8958333333333,26.6119998296102,174,52.5331891945469,10.4313335418701,65.7050510380369
3,0,-59.9375,-21.8958333333333,28.5853335062663,91,57.5575722852079,13.3986662228902,58.570840301973
6,0,-42.5625,-18.6041666666667,21.9193331400553,285,81.4164351454779,11.9913334051768,61.9387067036491
9,0,-48.2291666666667,-11.8541666666667,26.016666730245,283,85.0620312375573,12.3973333040873,73.6008869933671
3,0,-61.1875,-19.3958333333333,27.8580004374186,85,57.6359959980038,11.9839998881022,62.7829018233359
3,0,-54.3958333333333,-30.6875,24.3406667709351,146,7.55624393467868,10.8236668904622,49.2163814345623
8,0,-46.1875,-13.1041666666667,24.2526671091716,250,85.5993697524218,11.913666566213,79.5942426395965
9,0,-52.8125,-15.2291666666667,24.7173334757487,285,82.400932836469,13.8276666005452,70.8529792078528
1,0,-55.1458333333333,-12.3958333333333,25.0773331324259,317,84.2492174414656,14.650333404541,74.761853963053
5,0,-66.6458333333333,-32.2291666666667,27.2286669413249,83,73.4940628616539,14.6083333889643,48.5972479094567
2,0,-70.8541666666667,-29.0208333333333,16.8626670837402,7,92.1132372943677,12.3760002851486,61.867624372575
8,0,-58.3541666666667,-20.7708333333333,28.4586658477783,134,52.6863575579796,12.374000231425,60.6212052312423
1,0,-62.4375,-21.3541666666667,28.1066668828328,83,81.990680552114,13.024333635966,55.8600688132165
5,0,-51.0625,-24.9791666666667,22.3553333282471,174,24.0415315014348,12.058333158493,59.1210688989017
8,0,-57.8541666666667,-12.0208333333333,25.6080001195272,344,80.0019246118615,13.0816672643026,77.3330900099829
7,0,-60.1041666666667,-21.1041666666667,28.6559998194377,90,58.6391119863309,12.9539995193481,58.935399969229
7,0,-48.2708333333333,-10.9375,26.0339997609456,266,80.6488358767966,13.0000000794729,74.7126416779523
10,0,-68.3541666666667,-19.8541666666667,8.64199989289045,51,155.241184732758,16.9423333416538,67.6610770371309
9,0,-57.4791666666667,-32.2291666666667,24.1460002263387,144,19.1581107406441,11.6176669597626,46.2192349119768
5,0,-58.1458333333333,-15.9375,27.2733329137166,252,70.9504961546875,13.7373333772024,72.6843013825367
7,0,-45.6041666666667,-11.1458333333333,24.5080000559489,187,88.6615633346455,14.7806666692098,77.9406605433506
5,0,-67.3958333333333,-30.2708333333333,24.0346671740214,66,95.0957501482738,16.305666881303,50.4819392532724
2,0,-60.8125,-26.0208333333333,26.6093330383301,149,61.9908117414804,12.3819998105367,50.9715128596589
6,0,-61.8541666666667,-15.5625,26.2893336613973,198,66.6875700287279,10.9336663881938,70.6309219090211
5,0,-48.3125,-7.97916666666666,26.632666905721,297,69.8070231532782,13.0463336308797,83.1188376386193
5,0,-55.3541666666667,-27.8958333333333,25.6466668446859,186,14.1338751287474,11.8413334687551,52.778271678889
7,0,-64.1041666666667,-15.8958333333333,27.0753339131673,335,57.5496236000982,10.604999701182,70.5682621862002
3,0,-42.1875,-13.4375,23.6960004170736,154,90.6138547576367,11.6433335145315,76.8029874622239
9,0,-58.4791666666667,-19.3125,28.6733334859212,148,56.5130792296704,11.2583336830139,64.2598937720061
2,0,-61.0625,-27.1875,26.5993324915568,149,60.975925672222,12.9199996789296,50.5003083984145
1,0,-46.2708333333333,-21.9375,21.1313330332438,293,72.2219970995556,12.5419997374217,61.3961231964741
2,0,-58.3541666666667,-15.1041666666667,25.7420002619425,285,72.4585620679124,14.3116663297017,74.8674770470764
1,0,-42.0625,-6.18749999999999,28.0246667861938,260,90.6032188513543,11.5446664492289,78.471098625357
5,0,-55.6875,-5.52083333333333,26.6413332621257,433,59.97970926462,10.3970001538595,88.4399429655841
1,0,-61.7291666666667,-26.0208333333333,27.2933336893717,113,70.7406092713191,13.2163332303365,49.5364790357815
9,0,-49.7291666666667,-26.9375,21.8406670888265,172,19.0127423151436,10.5223333835602,54.294802908303
10,0,-62.4375,-32.6041666666667,23.1926666895549,126,54.200955225615,12.7736664215724,46.2612880923098
9,0,-53.3125,-6.89583333333333,25.0979998906453,311,64.904804338275,12.2613331476847,87.4809681336076
6,0,-64.2708333333333,-21.1875,22.7006667455037,146,81.0038844739318,13.0543335278829,63.6796757457702
4,0,-45.8958333333333,-3.85416666666666,27.2406667073568,337,83.5775633618663,11.0159994761149,87.6511811939374
2,0,-56.1458333333333,-17.1875,27.0679995218913,226,67.735539082301,12.956666469574,68.7429228973463
8,0,-55.6458333333333,-10.2708333333333,27.1166667938232,345,73.5305377923364,12.200666586558,79.7846372786297
8,0,-52.0208333333333,-23.4791666666667,21.8313331604004,158,33.0358298371868,12.8369998931885,62.1345594772424
10,0,-63.4791666666667,-25.8125,27.0393330256144,121,87.0238242668337,12.6490003267924,47.7464914135892
2,0,-52.3125,-10.7708333333333,26.6106662750244,322,78.4959627090219,14.1193329493205,81.1082960822585
10,0,-46.1458333333333,-14.9375,23.7326666514079,307,90.2462243025742,11.811333656311,70.4733542189535
8,0,-69.1041666666667,-26.3541666666667,11.5253332455953,8,60.7985922570232,18.299666489164,74.6681373434715
2,0,-40.8125,-9.18749999999999,26.6766662597656,117,91.7634712687992,13.4173331260681,77.9533737867413
9,0,-56.7708333333333,-26.4375,26.4659999211629,160,22.9801259385335,10.7206664880117,51.3934211155738
9,0,-42.3958333333333,-15.8958333333333,22.0886667569478,198,90.6291719588971,11.6930003960927,70.1355552746294
5,0,-54.0208333333333,-32.7708333333333,22.5273337364197,131,11.0109414553163,10.8266667127609,47.4853799218849
4,0,-58.0208333333333,-8.47916666666666,26.4133335749308,321,67.6979857785606,11.3473332722982,83.0454629377335
3,0,-46.1875,-11.3125,24.6853329340617,223,85.5419883399582,14.1873333454132,79.029264765537
8,0,-59.9791666666667,-34.3958333333333,23.3700000445048,125,30.3863791483725,12.1753334204356,46.1816633017609
10,0,-47.7708333333333,-13.2708333333333,24.7253332138062,267,86.4875639971178,11.2243332862854,72.5461039149958
9,0,-60.3541666666667,-29.4375,25.3619998296102,148,47.4915679903822,11.7010001341502,47.4262346749636
7,0,-46.2708333333333,-10.7291666666667,24.9853331247966,213,85.191407126253,14.6573331356049,78.0475604652569
4,0,-58.4791666666667,-13.3958333333333,24.8433332443237,350,74.8909975297789,15.1553332010905,75.4146766220978
9,0,-41.5625,-15.3541666666667,22.3053337732951,186,87.3802829459676,11.4866666793823,69.6499289081274
6,0,-58.6041666666667,-16.4375,28.67799949646,252,66.6235859804685,12.5113328297933,70.3199918983422
9,0,-45.1875,-12.2291666666667,24.8966665267944,218,87.0473241871441,14.128333012263,78.4210405726465
6,0,-54.1041666666667,-12.6875,25.1540002822876,296,84.5301181241375,14.9493336677551,73.4105943455225
6,0,-43.7291666666667,-16.3958333333333,24.4513333638509,215,99.8384473257842,13.8623332182566,71.0015081608751
3,0,-47.6041666666667,-24.2291666666667,25.4886662165324,244,47.7420427899714,9.35266653696696,54.9381283404955
3,0,-53.6458333333333,-17.8958333333333,24.8586664199829,282,71.0652571524773,12.6619999408722,68.6064172631179
3,0,-45.7291666666667,-7.72916666666666,26.3673334121704,197,80.8861801619516,13.5633330345154,84.2652365107466
6,0,-55.6458333333333,-14.5208333333333,24.8473332722982,254,73.7339786703194,13.9646666049957,75.6974596788514
10,0,-47.8958333333333,-3.93749999999999,26.618000348409,353,77.1781398046796,11.1146664619446,88.8604651198253
9,0,-54.3541666666667,-19.3125,25.3586664199829,253,62.1625177881243,12.4163328806559,68.3568221930092
6,0,-51.9375,-19.2708333333333,24.1053330103556,281,71.1129050820481,12.0513333479563,65.8542799035479
1,0,-64.5208333333333,-31.7708333333333,21.2206667264303,109,63.1328968671939,12.7479998270671,48.9103744507876
9,0,-53.3125,-12.3541666666667,25.7093331019084,297,82.9039865606855,15.4016668001811,73.1184328966325
8,0,-38.0625,-12.0208333333333,25.3286670049032,232,41.6225047352139,8.14466651280721,66.2383443894718
3,0,-61.9791666666667,-23.6458333333333,27.8293333053589,124,75.3673946391593,13.2390000025431,51.9176431854615
8,0,-51.0625,-25.6041666666667,19.2379997571309,182,21.5761119130076,11.094000061353,58.7481474499152
7,0,-57.0625,-26.4375,26.6226673126221,163,22.9473528488904,10.9943337440491,51.3465926947095
5,0,-67.8125,-19.1458333333333,11.5680001030366,69,132.734107128749,20.4736666505535,67.4274352341349
5,0,-66.1041666666667,-25.1041666666667,17.9059998194377,47,122.466239421237,14.6926664933562,57.8542552646746
10,0,-67.3958333333333,-24.2708333333333,11.206666747729,22,124.208088600554,16.3366665234789,64.7458227152819
3,0,-59.6875,-27.4375,26.2000001271566,166,50.4830840754483,11.617999792099,49.0210945911297
10,0,-56.2291666666667,-16.9375,26.8679997126261,223,67.8210452881957,13.4996667702993,69.8595866269701
4,0,-41.5208333333333,-21.0208333333333,23.5693333943685,203,64.3271422334639,11.588666677475,61.9317376209128
5,0,-55.4791666666667,-19.5208333333333,27.0959997177124,235,59.1110203336227,12.259999593099,66.7610543228953
10,0,-52.1041666666667,-30.4791666666667,22.1486670176188,138,9.37744223693157,9.27033360799154,47.1340934701353
5,0,-67.4375,-27.4791666666667,16.1553332010905,32,107.852029408096,14.230666483442,58.1793408558734
1,0,-40.1458333333333,-16.4791666666667,23.7760000228882,116,33.3485443343007,10.3836668332418,69.5583278637179
10,0,-37.9791666666667,-12.5625,26.3208332061768,289,50.6217171267598,6.17083311080933,60.2032386587676
2,0,-52.7291666666667,-8.93749999999999,26.102666536967,320,71.1180606933516,12.9273338317871,86.4126535743851
10,0,-69.1041666666667,-18.9791666666667,4.69933334986369,89,150.376834890188,21.149333357811,73.1810852490473
1,0,-69.0208333333333,-32.3958333333333,13.8900002638499,28,31.6581816973095,12.2380000427365,46.5252428034961
8,0,-55.1875,-33.2291666666667,22.1526668866475,114,4.63726710564606,11.8006664713224,48.2368642812406
2,0,-58.3958333333333,-10.4791666666667,25.8846667607625,336,77.4766097627538,12.0283328692118,81.4927688529112
7,0,-65.8541666666667,-16.3125,27.1200002034505,495,56.0824781524843,11.1863333384196,70.0546993110626
3,0,-58.2708333333333,-17.4375,28.7146673202515,220,63.2716456345743,12.384667078654,68.3329728902988
1,0,-52.1041666666667,-6.72916666666666,24.4420003890991,309,63.2524034026819,13.1500000953674,88.6357488753701
2,0,-51.1458333333333,-18.8125,24.7299998601278,281,75.8880897810081,12.5963332653046,66.5346175429335
10,0,-62.4791666666667,-22.0208333333333,28.0093339284261,104,82.345001217596,13.1203337510427,53.8866989788397
1,0,-65.1458333333333,-30.2291666666667,26.372000058492,89,66.5801333689728,12.911666115125,47.1986642435055
6,0,-52.0208333333333,-5.06249999999999,25.2519998550415,300,70.1871031683829,11.51700035731,90.5424741035884
1,0,-49.9375,-4.89583333333333,26.6053326924642,344,73.3314948480506,11.3839996655782,85.6712791546614
4,0,-68.5625,-17.2291666666667,11.5886664589246,122,101.003688340271,18.6366665568203,76.1177386290553
1,0,-55.4375,-25.2708333333333,25.6899998982747,207,26.897540118414,10.9733331203461,52.9601061248127
9,0,-43.1458333333333,-16.8958333333333,22.8800002733866,231,96.574770822066,12.5836667219798,69.8782011369773
7,0,-65.4375,-16.5625,27.1920007069906,589,54.6702337647306,11.4270006815592,69.8984563676928
10,0,-64.9375,-23.1458333333333,15.3026667435964,81,102.019033602155,14.9896664544164,64.8341979996639
4,0,-60.9375,-21.6875,28.2866665522257,95,67.1126245464067,13.2853334744771,57.2643688952597
7,0,-60.1041666666667,-16.6458333333333,27.8986666997274,251,60.8391767653662,11.7663334210714,68.6483811592992
2,0,-69.4791666666667,-19.6458333333333,16.2660001118978,11,122.26812728383,13.4789998730024,68.5047788268753
6,0,-50.6875,-2.10416666666666,26.6573333740234,405,60.0591931178763,10.4683329264323,88.3851152297431
4,0,-43.7708333333333,-11.2291666666667,25.9886671702067,150,90.3465939220182,15.377666314443,77.8537182427022
4,0,-62.9791666666667,-27.5208333333333,26.6653340657552,107,76.0836590020279,13.2100001573563,48.6878925674658
5,0,-54.3541666666667,-24.8541666666667,24.7039995193481,209,24.3968143668084,11.3049994309743,55.5582868006195
10,0,-40.9791666666667,-5.81249999999999,24.8833338419596,216,113.115031221894,10.4690003395081,76.9100845948103
8,0,-70.1875,-28.8541666666667,9.95666662851969,12,55.8960073383031,9.50433342158794,56.7761852818002
2,0,-46.0208333333333,-23.4791666666667,21.2060001691182,244,53.2011248446156,9.43666664759318,57.4565682558065
4,0,-63.6458333333333,-14.4791666666667,27.0033330917358,240,66.8593084641973,11.138666788737,75.5676184647051
9,0,-58.5208333333333,-23.5208333333333,27.9546661376953,128,42.4419952361351,12.789000193278,57.1345641458772
1,0,-50.0208333333333,-2.47916666666666,26.7093324661255,441,71.2815877249437,10.1983327865601,88.6195401544443
9,0,-62.1041666666667,-23.7291666666667,27.7466669082642,126,76.0108433393986,13.2666672070821,51.645386392096
2,0,-60.6041666666667,-19.3541666666667,28.2746655146281,90,54.8054602900375,12.0143330097198,63.8924360902759
10,0,-48.1875,-5.93749999999999,26.6433334350586,289,73.2793077668882,12.0339999198914,82.5150757557626
5,0,-63.3541666666667,-12.2291666666667,26.341999689738,256,69.0416473438134,11.8586670557658,81.2237448350808
7,0,-52.3541666666667,-13.4791666666667,25.7479995091756,282,85.0353277573159,14.6996667385101,73.9568612102643
8,0,-48.3125,-12.1041666666667,26.2220001220703,284,85.777411024346,12.5743339856466,73.0216869166475
2,0,-58.8958333333333,-16.0208333333333,28.0053329467773,267,67.7574598357384,13.4639999071757,71.9077152819882
2,0,-48.4791666666667,-19.8541666666667,24.0260000228882,281,76.6494546269229,12.7770001093547,68.0931544528272
1,0,-45.5625,-14.8125,23.7553326288859,316,93.2766037131571,12.260666290919,72.1046018581656
1,0,-52.3541666666667,-8.43749999999999,25.5273332595825,303,68.743793170603,12.8566665649414,87.1520191169281
4,0,-52.6041666666667,-24.5625,22.4993332227071,254,37.4662562987997,12.1003334522247,60.7934779963026
4,0,-42.7708333333333,-13.0625,23.0486663182576,164,90.2979077594081,12.3649996121724,77.7672950240952
1,0,-39.7708333333333,-12.8541666666667,23.7526664733887,90,49.0084608650755,7.11299975713094,61.9599306686498
7,0,-58.1041666666667,-8.27083333333333,26.7326669692993,319,67.0671058525518,11.3889997800191,83.8906865115593
9,0,-50.2291666666667,-19.9791666666667,24.7806663513184,219,76.0550313484141,12.7689994176229,64.4768738460503
5,0,-65.3958333333333,-25.1041666666667,22.4940001169841,146,106.711519825752,12.7786666552226,52.6998776292355
6,0,-46.2291666666667,-21.8541666666667,21.1179998715719,292,72.5346443268664,12.478999932607,61.0757626994572
10,0,-50.3541666666667,-9.72916666666666,26.5879999796549,294,77.0880954198853,13.2919998168945,85.380272147599
5,0,-56.2708333333333,-19.3125,27.4660008748372,221,59.4382128019986,11.7903339068095,65.6916240467597
7,0,-43.3958333333333,-16.1875,24.1406666437785,205,96.6538550818012,12.150000333786,70.39397550792
9,0,-63.5208333333333,-20.8958333333333,25.3713334401449,134,84.0191689442323,12.5773332118988,59.4167284601183
5,0,-58.3125,-35.1875,22.3433335622152,113,23.8437271817585,11.207000096639,44.9719077808983
8,0,-44.9375,-13.6875,24.6559998194377,218,95.544624943556,12.3793334960938,73.7919258417031
7,0,-60.3125,-21.5208333333333,28.4946664174398,96,60.258043671716,13.1373325188955,58.0270935505465
10,0,-64.4375,-14.4375,27.0766671498617,262,63.8788173484157,10.8786670366923,74.2064704317769
6,0,-68.4375,-17.1875,10.7966667910417,127,98.7417374750541,17.919333221352,75.6984308525411
3,0,-50.6458333333333,-3.93749999999999,26.5246667861938,372,78.9068641877257,10.7290002504985,87.76995609905
5,0,-54.9375,-28.8125,24.9426663716634,177,8.61428625861516,11.8473331133525,51.9711061554109
6,0,-43.5625,-16.1875,24.3986660639445,208,97.9996875644378,13.71399974823,72.3007250047475
3,0,-59.7291666666667,-22.1458333333333,28.632666905721,87,55.41037553033,13.5020003318787,58.5211513401579
2,0,-43.4375,-17.0625,22.8493336041768,237,97.4717341519271,12.7270004749298,69.4099049290335
4,0,-46.2291666666667,-5.97916666666666,26.2019999821981,245,82.2169510228285,13.0326665242513,84.5837598912963
6,0,-45.6458333333333,-4.77083333333333,26.2146663665771,279,88.1909618331196,11.8199996948242,86.6060893443531
7,0,-58.8125,-34.3541666666667,23.4966665903727,116,23.4540120424492,11.0736660957336,45.1029101711553
9,0,-63.7291666666667,-15.0208333333333,27.0859994888306,247,63.7662335149296,10.6030000050863,72.4644616402451
7,0,-48.1458333333333,-11.0625,26.17799949646,269,81.2915642713623,13.243665933609,74.536621488257
9,0,-43.1458333333333,-9.31249999999999,26.6359996795654,138,89.6607883477974,14.5820004145304,83.9396766766605
1,0,-50.1041666666667,-29.8541666666667,23.4206666946411,146,12.4555255960022,8.01933360099792,47.4516765057826
8,0,-67.1458333333333,-20.7708333333333,13.2180002133052,40,131.218069709098,19.9440000392497,61.8687163775342
6,0,-41.1875,-11.6041666666667,20.6853335698446,104,39.9676318114603,9.73400004704793,68.7818005167803
