"cv_0","pa","lon","lat","prec_01_SA","prec_02_SA","prec_03_SA","prec_04_SA"
3,1,-58.86643,-27.45946,165,157,171,181
4,1,-55.886828,-27.42923,152,157,146,163
1,1,-63.655278,-22.470556,211,200,196,107
1,1,-67.55629,-16.37418,188,186,134,61
1,1,-59.7544,-18.33299,162,143,130,84
2,1,-36.7666,-9.61666,22,28,50,87
4,1,-35.70163,-9.660822,67,89,161,265
5,1,-51.266128,0.924183,265,293,334,344
4,1,-42.059128,-11.808828,115,80,95,49
3,1,-45.004168,-12.144925,174,150,157,80
2,1,-38.32574,-12.698817,71,95,151,265
3,1,-39.043184,-14.79332,137,165,198,188
1,1,-40.963419,-12.982034,96,95,104,83
5,1,-40.513018,-11.185062,93,82,104,70
3,1,-40.088607,-13.855664,85,76,86,71
2,1,-39.25319,-12.428893,64,61,65,89
2,1,-40.847528,-2.900967,107,183,302,295
3,1,-40.6684,-5.176951,87,137,238,202
2,1,-38.523962,-3.845731,103,197,310,303
4,1,-39.299906,-6.360555,125,161,248,188
4,1,-39.583533,-3.685673,70,131,222,216
2,1,-38.772795,-7.387398,128,177,204,168
4,1,-40.74528,-3.90603,115,193,295,283
1,1,-39.011745,-4.9637,71,122,211,201
2,1,-37.975431,-4.939738,63,123,229,206
4,1,-40.292625,-6.002999,63,88,159,135
3,1,-47.858373,-15.73812,239,198,206,121
5,1,-40.976456,-18.545546,171,93,110,72
4,1,-40.065306,-19.398106,156,87,112,83
3,1,-50.634742,-15.08853,256,241,219,107
2,1,-47.463436,-13.799279,273,258,205,118
2,1,-48.156677,-18.261382,262,195,188,78
5,1,-50.141384,-15.935743,291,235,228,122
5,1,-49.536733,-16.831323,286,221,206,115
4,1,-49.22087,-18.417682,276,209,190,92
3,1,-48.688822,-13.353094,265,237,205,106
5,1,-48.458585,-14.46911,257,230,198,109
4,1,-48.962527,-15.853342,282,229,203,128
2,1,-50.929681,-17.794543,270,197,208,113
2,1,-50.163838,-13.276024,268,239,220,113
5,1,-46.25249,-14.803994,217,187,183,101
3,1,-43.01666,-2.83333,168,252,351,334
5,1,-46.2193,-4.3379,177,244,285,229
1,1,-43.358539,-4.861675,236,272,334,277
5,1,-43.477977,-3.720733,222,265,355,325
5,1,-44.44001,-5.038448,201,234,312,251
2,1,-44.380519,-3.480329,226,257,336,313
2,1,-44.102516,-2.415075,182,302,397,403
1,1,-56.09161,-9.871723,339,338,330,227
1,1,-53.22026,-17.31559,312,231,206,103
4,1,-59.448616,-10.172524,327,332,297,196
4,1,-55.967121,-16.195099,223,203,180,113
4,1,-57.186409,-15.066258,233,198,208,127
5,1,-57.498611,-16.402222,224,184,172,109
2,1,-52.797495,-14.539617,265,230,232,100
4,1,-52.273457,-13.55923,276,244,226,110
3,1,-55.78802,-14.86719,219,212,203,122
1,1,-59.790431,-13.66056,324,275,277,176
3,1,-53.261519,-13.188043,272,275,238,125
3,1,-52.75931,-15.707042,289,245,216,93
3,1,-56.649344,-12.234769,321,359,427,145
5,1,-58.762217,-11.422018,316,318,302,190
5,1,-58.097904,-15.674071,254,205,198,119
2,1,-56.110005,-13.832726,295,311,273,144
4,1,-54.054092,-14.427698,326,257,252,125
5,1,-54.992297,-10.244842,338,360,312,213
2,1,-51.63088,-10.877548,300,263,258,139
5,1,-54.300053,-15.552294,308,258,228,113
3,1,-54.633587,-16.470163,275,235,198,110
2,1,-55.500922,-11.858005,316,311,267,164
5,1,-54.374844,-11.535511,331,303,265,158
5,1,-52.875118,-20.448851,223,171,141,94
4,1,-53.70809,-18.325034,278,209,176,102
1,1,-55.787222,-20.471111,226,185,145,111
4,1,-52.425437,-21.715288,166,166,106,85
3,1,-56.521111,-22.108889,151,113,129,118
5,1,-56.481944,-21.121111,182,143,132,108
2,1,-54.043309,-19.53526,250,190,151,100
2,1,-54.38327,-20.74998,220,175,138,100
3,1,-57.640278,-19.028056,181,126,124,77
3,1,-57.14373333,-20.14521944,188,147,127,87
4,1,-51.927679,-19.725458,266,175,166,92
2,1,-55.15714,-21.62361,172,147,141,110
2,1,-53.01306849,-19.01739138,274,194,172,100
5,1,-55.43303,-23.89687,148,166,140,136
2,1,-57.888482,-21.707325,134,118,115,91
1,1,-54.842254,-18.916586,250,203,158,108
1,1,-54.892772,-19.96186,238,187,143,101
2,1,-51.7,-20.788333,202,152,137,81
3,1,-42.1545,-16.87943,144,84,100,41
3,1,-46.107752,-15.921772,220,142,166,79
1,1,-41.692449,-19.93078,199,113,130,76
3,1,-44.456226,-18.363516,229,116,119,48
3,1,-41.9667,-18.8604,197,104,129,68
5,1,-44.59876,-20.102362,286,175,170,72
5,1,-43.747334,-19.522289,257,164,158,64
3,1,-41.007115,-16.441769,122,74,91,52
4,1,-44.999931,-21.24287,282,210,181,69
1,1,-43.936762,-14.755922,136,95,95,45
5,1,-43.41614,-20.374493,262,176,163,72
5,1,-42.866515,-15.397322,154,107,91,39
1,1,-43.8595,-16.7387,196,126,127,55
4,1,-45.660498,-20.371622,279,173,136,79
1,1,-46.875419,-17.219742,272,181,177,77
2,1,-42.64005,-19.56869,207,134,144,73
5,1,-44.809807,-17.200544,198,117,113,45
1,1,-44.027948,-15.708871,168,98,113,45
5,1,-55.48677,-3.843374,238,257,312,274
4,1,-48.668848,-0.89225,361,464,510,467
1,1,-49.848958,-6.532197,249,264,285,221
3,1,-49.260917,-8.257972,262,274,277,197
3,1,-50.546361,-5.778389,261,287,310,235
3,1,-48.767199,-1.885889,342,414,425,384
5,1,-54.073375,-2.003328,151,214,280,284
4,1,-48.55977,-6.16476,225,249,287,179
2,1,-48.951282,-2.93708,329,387,422,378
5,1,-47.622722,-3.733056,250,301,354,278
1,1,-35.633892,-7.036775,56,72,127,148
4,1,-37.276913,-7.024492,74,139,205,173
5,1,-54.578755,-25.584593,181,143,137,145
3,1,-37.641097,-8.089002,64,102,155,133
1,1,-39.722728,-7.516307,111,123,184,132
3,1,-38.571239,-8.600827,81,77,127,95
4,1,-34.888942,-8.062762,70,97,170,214
2,1,-42.166745,-4.829114,212,247,340,276
3,1,-41.556845,-3.470453,120,161,251,263
5,1,-42.832211,-5.620453,199,239,330,273
4,1,-43.025562,-6.783063,177,176,209,159
1,1,-42.533333,-3.683333,213,249,348,302
4,1,-41.50006,-7.05012,142,137,178,119
1,1,-42.692285,-9.01536,109,121,141,99
1,1,-44.3494,-23.1622,270,238,231,162
1,1,-42.3021,-22.45559,183,149,152,93
2,1,-41.755592,-21.643627,163,131,109,66
4,1,-43.704844,-22.244719,226,180,154,77
5,1,-37.020226,-6.033419,64,118,210,197
4,1,-36.118442,-6.151432,28,58,117,133
5,1,-38.38642,-6.414028,89,133,225,191
5,1,-35.182722,-6.080611,61,100,178,207
2,1,-35.455293,-5.202607,47,95,159,179
2,1,-56.00506,-28.66011,114,128,149,168
2,1,-63.295559,-10.263098,335,292,276,189
3,1,-60.670533,2.816682,40,42,60,143
4,1,-59.635206,3.882978,54,46,47,95
3,1,-50.439226,-21.205476,220,186,139,60
1,1,-49.083001,-22.325123,205,178,114,56
2,1,-47.167106,-21.285,266,216,181,73
1,1,-47.792444,-22.417972,251,215,151,53
2,1,-50.550356,-20.267853,223,184,128,62
2,1,-51.170768,-22.147832,206,173,111,70
2,1,-47.000968,-23.397523,233,200,153,60
2,1,-46.529212,-22.59203,249,203,161,72
4,1,-37.11716,-11.08755,57,87,131,224
5,1,-46.946107,-12.93442,270,234,201,116
4,1,-48.39894444,-8.663277778,282,271,255,172
5,1,-48.108889,-10.763333,266,266,237,143
2,1,-48.990891,-10.005591,265,260,267,163
5,1,-77.248039,2.845804,421,351,289,379
5,1,-75.727319,2.485428,114,124,152,169
1,1,-72.656219,7.714685,48,54,78,170
3,1,-75.352178,9.495513,18,24,31,90
1,1,-75.381727,3.591068,109,131,170,218
3,1,-74.736324,5.20721,87,108,188,273
4,1,-74.643367,4.203568,84,117,165,241
1,1,-79.908076,8.712532,50,22,21,90
3,1,-57.587253,-25.382382,153,133,135,162
2,1,-56.449592,-25.776062,158,115,135,166
1,1,-74.223564,-13.163874,102,111,98,30
1,1,-74.582615,-8.392839,163,187,223,182
3,1,-58.002928,-31.41821,136,127,155,135
4,1,-57.603194,-30.256306,157,163,154,163
1,1,-62.802944,10.62678,83,42,29,38
4,1,-64.484992,10.069833,28,21,18,42
4,1,-64.148681,8.642929,20,11,10,37
3,1,-68.691678,11.118661,63,25,17,57
1,1,-66.373584,9.856325,16,15,22,46
1,1,-67.291098,9.705608,11,7,11,49
1,1,-65.319192,8.81804,10,6,9,35
4,1,-63.855196,10.978972,54,25,19,24
4,1,-70.418543,9.755967,32,23,39,117
3,1,-70.478778,11.007766,14,7,12,39
1,1,-68.263094,9.65019,10,8,11,71
2,0,-71.25,-14.5833333333333,189,176,155,60
1,0,-74.25,-8.58333333333333,153,187,226,190
4,0,-67.5833333333333,10.4166666666667,28,16,18,47
3,0,-76.9166666666667,-4.91666666666666,181,180,218,197
4,0,-71.4166666666667,-17.25,1,3,0,0
2,0,-38.75,-8.58333333333333,77,76,128,97
3,0,-69.0833333333333,-5.25,337,332,331,262
3,0,-61.9166666666667,-29.25,123,127,136,90
5,0,-67.9166666666667,-27.4166666666667,24,28,15,2
4,0,-69.5833333333333,-14.0833333333333,177,163,145,85
4,0,-67.9166666666667,-18.25,87,67,45,6
5,0,-41.0833333333333,-4.75,97,123,204,172
5,0,-67.9166666666667,9.91666666666667,13,11,16,71
5,0,-68.4166666666667,8.08333333333333,2,6,14,97
1,0,-56.9166666666667,-13.5833333333333,327,315,306,150
2,0,-46.25,-18.75,275,184,177,79
3,0,-76.5833333333333,-12.5833333333333,3,4,4,0
1,0,-52.0833333333333,-3.75,310,320,378,353
3,0,-49.9166666666667,-27.75,166,157,131,106
1,0,-59.9166666666667,-23.5833333333333,95,96,88,84
1,0,-38.5833333333333,-7.75,117,148,197,163
5,0,-50.0833333333333,-17.25,279,209,207,109
4,0,-57.25,-24.0833333333333,191,132,127,113
3,0,-62.75,-5.25,298,260,302,284
3,0,-68.75,-21.0833333333333,29,32,6,0
5,0,-48.5833333333333,-23.9166666666667,186,183,122,60
5,0,-69.5833333333333,-19.5833333333333,8,5,3,0
5,0,-45.5833333333333,-11.5833333333333,206,162,149,86
3,0,-59.75,-5.41666666666666,293,288,305,279
2,0,-53.5833333333333,-3.58333333333333,204,250,291,223
2,0,-79.0833333333333,-5.25,132,119,142,137
5,0,-65.5833333333333,-31.9166666666667,102,85,73,50
2,0,-55.0833333333333,-20.0833333333333,235,185,142,102
3,0,-54.9166666666667,-11.0833333333333,315,301,291,176
4,0,-64.0833333333333,-33.25,124,99,112,57
3,0,-64.4166666666667,-29.5833333333333,104,90,84,43
1,0,-59.75,-21.0833333333333,92,86,77,60
3,0,-49.0833333333333,-12.5833333333333,281,244,228,117
2,0,-67.0833333333333,6.58333333333333,9,18,34,126
5,0,-55.9166666666667,-18.25,228,183,152,100
2,0,-66.0833333333333,-8.58333333333333,260,272,267,222
3,0,-54.0833333333333,-13.25,283,284,239,130
2,0,-40.9166666666667,-12.0833333333333,80,72,94,69
3,0,-47.5833333333333,-8.25,261,233,247,157
5,0,-49.5833333333333,-18.25,277,210,198,96
1,0,-50.75,-16.25,282,223,223,109
4,0,-67.4166666666667,-32.25,73,61,43,16
4,0,-48.9166666666667,-21.75,230,200,135,56
5,0,-48.25,-5.58333333333333,233,257,298,196
2,0,-59.5833333333333,-30.4166666666667,121,95,145,99
5,0,-71.0833333333333,-8.41666666666666,272,237,282,216
4,0,-56.0833333333333,-2.08333333333333,264,294,346,322
4,0,-72.0833333333333,8.75,83,54,48,163
4,0,-55.0833333333333,-27.75,142,136,142,173
5,0,-71.4166666666667,-12.75,438,406,369,265
2,0,-74.25,11.0833333333333,4,5,10,53
3,0,-76.4166666666667,0.25,217,217,354,398
5,0,-52.4166666666667,-27.9166666666667,149,149,122,129
3,0,-60.0833333333333,-15.4166666666667,254,217,202,125
5,0,-65.25,-18.5833333333333,138,111,88,31
4,0,-58.0833333333333,-29.75,138,129,150,152
5,0,-74.75,-11.0833333333333,248,231,221,139
2,0,-59.0833333333333,-7.75,309,283,295,233
1,0,-60.0833333333333,-8.25,332,303,314,250
4,0,-54.0833333333333,-3.41666666666666,205,249,302,253
1,0,-50.4166666666667,-23.9166666666667,183,144,102,106
5,0,-49.25,-10.9166666666667,274,254,262,145
5,0,-44.5833333333333,-16.4166666666667,189,140,129,71
3,0,-52.75,5.08333333333333,324,238,286,332
5,0,-51.9166666666667,-23.4166666666667,159,142,118,97
2,0,-48.25,-19.9166666666667,282,218,193,90
2,0,-64.4166666666667,-3.08333333333333,289,266,297,314
2,0,-66.75,-24.4166666666667,31,33,16,1
5,0,-67.25,10.0833333333333,17,11,21,53
4,0,-62.4166666666667,6.58333333333333,68,42,53,105
3,0,-37.9166666666667,-6.75,84,132,208,195
4,0,-57.0833333333333,-29.75,155,169,157,180
1,0,-70.75,-27.75,0,0,1,1
2,0,-77.25,-10.0833333333333,92,103,137,64
4,0,-65.0833333333333,0.0833333333333339,147,163,212,240
3,0,-61.4166666666667,-14.75,238,204,191,108
4,0,-57.75,-24.75,143,109,112,136
3,0,-59.4166666666667,-5.41666666666666,292,280,296,274
2,0,-67.0833333333333,-26.25,26,32,16,1
5,0,-67.25,10.25,19,13,19,53
1,0,-76.9166666666667,-3.08333333333333,200,191,238,248
1,0,-37.0833333333333,-8.58333333333333,54,75,120,110
5,0,-44.75,-22.0833333333333,301,257,203,85
3,0,-62.4166666666667,-6.25,266,254,289,242
3,0,-54.4166666666667,-14.75,332,262,250,127
1,0,-70.9166666666667,-16.25,114,118,107,22
5,0,-43.75,-14.0833333333333,136,106,95,54
2,0,-70.0833333333333,-29.5833333333333,7,12,9,4
5,0,-70.4166666666667,-13.25,841,758,573,393
3,0,-61.9166666666667,-5.58333333333333,276,269,290,271
3,0,-51.75,-7.41666666666666,275,272,298,233
2,0,-61.75,-22.0833333333333,87,86,85,52
5,0,-59.4166666666667,-2.75,265,269,309,286
3,0,-58.75,2.75,74,67,85,148
3,0,-58.25,-31.5833333333333,130,122,149,129
1,0,-56.4166666666667,-7.08333333333333,282,293,325,234
5,0,-70.5833333333333,-5.91666666666666,281,306,287,266
4,0,-57.4166666666667,-6.08333333333333,331,311,328,263
3,0,-62.0833333333333,-8.91666666666666,345,301,317,222
1,0,-53.5833333333333,-2.25,161,215,280,288
1,0,-57.5833333333333,-9.08333333333333,306,260,319,203
2,0,-75.9166666666667,-14.4166666666667,0,1,0,0
1,0,-68.5833333333333,1.08333333333333,227,232,260,364
4,0,-75.0833333333333,1.58333333333333,88,145,272,348
2,0,-71.25,2.75,22,58,129,280
1,0,-71.9166666666667,-11.75,314,297,273,203
5,0,-62.9166666666667,-24.5833333333333,121,101,99,53
1,0,-69.4166666666667,-22.5833333333333,2,1,0,0
2,0,-66.75,-23.9166666666667,30,29,13,1
4,0,-56.4166666666667,-3.58333333333333,260,285,315,288
3,0,-75.4166666666667,9.91666666666667,15,17,21,87
4,0,-73.75,2.41666666666667,37,80,129,253
2,0,-66.4166666666667,-4.91666666666666,302,318,324,300
4,0,-50.25,-21.9166666666667,192,198,107,56
5,0,-47.0833333333333,-17.9166666666667,266,217,180,75
4,0,-65.75,-23.5833333333333,46,42,23,2
1,0,-66.4166666666667,8.58333333333333,6,3,7,45
4,0,-75.0833333333333,-6.41666666666666,228,190,277,228
5,0,-56.75,-6.41666666666666,311,310,339,257
3,0,-80.9166666666667,8.25,26,13,28,94
4,0,-63.5833333333333,-12.5833333333333,246,226,219,121
3,0,-75.25,10.5833333333333,5,15,16,56
5,0,-79.0833333333333,-4.58333333333333,131,153,185,155
2,0,-64.75,-26.25,157,134,117,40
3,0,-71.4166666666667,-12.0833333333333,380,357,324,239
3,0,-52.9166666666667,-32.25,112,127,102,103
1,0,-64.25,-3.58333333333333,262,232,266,269
1,0,-61.75,-31.9166666666667,113,114,134,81
4,0,-69.75,-11.0833333333333,220,234,218,175
5,0,-69.5833333333333,-8.25,321,264,286,253
4,0,-46.9166666666667,-5.25,187,229,254,195
4,0,-55.4166666666667,4.25,209,170,196,229
4,0,-58.0833333333333,-16.9166666666667,233,185,165,101
1,0,-65.0833333333333,-22.75,89,80,56,17
5,0,-60.25,-5.41666666666666,308,311,335,298
2,0,-73.9166666666667,-11.4166666666667,238,229,223,138
3,0,-47.75,-9.41666666666666,264,231,238,146
5,0,-68.4166666666667,-0.916666666666666,322,265,300,320
4,0,-55.5833333333333,-29.9166666666667,123,145,148,165
3,0,-48.4166666666667,-5.41666666666666,236,265,306,206
3,0,-55.0833333333333,-11.75,322,298,245,158
1,0,-36.4166666666667,-7.91666666666666,24,45,93,87
3,0,-56.4166666666667,-4.08333333333333,263,282,311,277
4,0,-45.0833333333333,-20.75,300,197,164,75
4,0,-59.9166666666667,-23.25,92,91,81,81
3,0,-67.5833333333333,-17.5833333333333,97,72,53,13
2,0,-51.5833333333333,-19.25,286,182,181,94
2,0,-65.9166666666667,5.41666666666667,33,42,56,175
5,0,-58.0833333333333,-28.75,121,110,141,151
2,0,-64.4166666666667,-10.4166666666667,288,262,255,183
2,0,-61.5833333333333,-26.9166666666667,118,104,126,72
4,0,-70.9166666666667,-11.9166666666667,384,365,330,244
5,0,-68.75,-1.58333333333333,340,278,310,311
5,0,-52.4166666666667,-13.75,267,232,232,105
5,0,-58.0833333333333,-0.583333333333332,206,202,292,347
2,0,-42.5833333333333,-14.4166666666667,161,102,97,52
4,0,-64.75,-4.41666666666666,238,253,289,281
2,0,-62.25,-8.91666666666666,350,303,330,222
2,0,-65.9166666666667,-13.9166666666667,263,257,215,131
3,0,-67.0833333333333,-13.4166666666667,267,269,224,122
4,0,-58.25,-33.4166666666667,92,98,113,92
2,0,-51.0833333333333,-5.41666666666666,266,298,313,231
5,0,-50.25,-17.4166666666667,277,204,207,108
2,0,-65.75,-10.75,273,248,248,168
1,0,-59.9166666666667,-3.08333333333333,284,283,305,304
2,0,-55.25,-27.25,133,132,127,157
4,0,-73.4166666666667,-4.58333333333333,262,242,254,265
3,0,-51.9166666666667,-11.5833333333333,285,247,227,136
1,0,-40.5833333333333,-16.25,104,70,92,68
5,0,-67.4166666666667,-0.25,278,235,247,290
2,0,-51.75,-30.75,127,130,124,107
4,0,-80.9166666666667,-1.58333333333333,50,87,96,41
1,0,-75.75,0.916666666666668,149,178,325,405
2,0,-70.75,-6.91666666666666,255,292,287,263
2,0,-69.25,5.08333333333333,23,39,68,227
2,0,-64.9166666666667,-10.5833333333333,280,245,246,174
3,0,-61.25,7.08333333333333,84,44,67,104
1,0,-65.9166666666667,-24.9166666666667,50,49,26,2
4,0,-59.5833333333333,1.75,60,59,88,160
2,0,-52.75,-10.4166666666667,350,312,303,171
4,0,-59.4166666666667,-30.4166666666667,122,97,146,102
5,0,-43.75,-9.91666666666666,135,132,134,78
1,0,-51.4166666666667,-8.41666666666666,280,275,282,210
2,0,-39.4166666666667,-7.41666666666666,133,169,230,172
1,0,-60.0833333333333,7.58333333333333,129,75,70,128
1,0,-45.9166666666667,-16.75,206,134,140,66
1,0,-65.75,7.91666666666667,13,10,13,61
3,0,-54.4166666666667,-1.25,189,238,346,335
1,0,-60.75,-18.9166666666667,99,101,85,55
2,0,-49.0833333333333,-22.9166666666667,188,190,124,67
5,0,-61.25,-11.25,370,294,287,176
2,0,-57.25,-21.75,150,124,127,103
3,0,-42.0833333333333,-17.5833333333333,172,106,115,59
4,0,-58.9166666666667,-13.4166666666667,343,288,299,182
2,0,-43.4166666666667,-13.5833333333333,133,109,114,58
2,0,-47.25,-9.75,250,228,217,130
3,0,-57.75,-24.4166666666667,159,112,115,120
5,0,-46.4166666666667,-15.4166666666667,253,185,200,92
4,0,-55.9166666666667,-11.5833333333333,301,306,281,163
5,0,-42.25,-17.9166666666667,176,106,120,59
4,0,-46.9166666666667,-14.25,224,196,165,101
1,0,-51.75,-4.08333333333333,312,323,362,339
1,0,-65.25,10.9166666666667,21,12,9,20
4,0,-53.9166666666667,-5.91666666666666,283,315,310,228
5,0,-38.9166666666667,-11.5833333333333,62,63,82,72
5,0,-40.5833333333333,-5.41666666666666,83,117,217,188
3,0,-73.4166666666667,7.41666666666667,35,74,120,280
4,0,-63.9166666666667,-20.4166666666667,126,130,119,65
3,0,-65.25,-21.0833333333333,98,88,62,17
2,0,-70.4166666666667,5.25,18,31,72,235
4,0,-73.0833333333333,-11.25,238,234,215,150
3,0,-73.0833333333333,4.58333333333333,32,72,134,361
2,0,-71.9166666666667,8.41666666666667,95,74,99,197
4,0,-73.0833333333333,-2.91666666666667,300,248,337,323
2,0,-58.5833333333333,-17.5833333333333,216,174,150,93
4,0,-76.0833333333333,-10.25,150,165,163,98
5,0,-66.9166666666667,-30.25,78,70,50,18
1,0,-66.0833333333333,1.08333333333333,161,179,228,265
5,0,-72.25,6.41666666666667,3,15,30,129
3,0,-72.75,-0.916666666666666,153,164,242,293
3,0,-76.25,5.25,361,295,311,348
2,0,-37.25,-9.75,30,36,64,73
5,0,-38.4166666666667,-12.5833333333333,70,88,135,230
3,0,-58.5833333333333,-0.916666666666666,213,205,285,343
1,0,-56.25,-0.416666666666666,216,217,357,373
5,0,-60.0833333333333,-31.0833333333333,134,91,158,88
4,0,-61.75,2.25,74,68,87,171
2,0,-69.25,-14.75,173,153,138,63
5,0,-39.9166666666667,-19.75,151,84,115,90
3,0,-76.5833333333333,-10.0833333333333,123,139,151,89
5,0,-38.4166666666667,-10.0833333333333,47,54,81,77
1,0,-51.9166666666667,3.75,397,321,358,412
2,0,-56.9166666666667,2.91666666666667,160,138,169,227
5,0,-69.0833333333333,-8.41666666666666,331,276,284,250
3,0,-56.4166666666667,0.25,192,188,300,334
4,0,-60.0833333333333,-29.4166666666667,104,112,149,97
3,0,-64.9166666666667,3.75,106,102,139,272
3,0,-70.4166666666667,-23.5833333333333,0,0,0,0
1,0,-71.5833333333333,-9.75,231,192,240,207
4,0,-75.75,3.58333333333333,102,112,142,187
5,0,-70.25,2.58333333333333,43,81,155,299
4,0,-67.0833333333333,4.58333333333333,42,55,102,225
5,0,-68.5833333333333,-10.75,273,234,248,173
3,0,-58.4166666666667,-10.5833333333333,337,310,292,201
4,0,-74.9166666666667,-5.08333333333333,221,207,250,239
1,0,-45.4166666666667,-1.58333333333333,201,331,441,397
2,0,-52.75,-11.75,305,270,250,142
1,0,-69.25,-6.08333333333333,340,315,321,254
3,0,-66.0833333333333,-21.5833333333333,63,52,34,3
5,0,-75.75,8.08333333333333,68,48,55,179
3,0,-61.9166666666667,-7.25,326,299,345,248
4,0,-62.5833333333333,-5.41666666666666,288,259,297,275
1,0,-49.25,-5.58333333333333,245,278,311,218
4,0,-55.4166666666667,-20.4166666666667,225,180,141,107
3,0,-76.9166666666667,-11.9166666666667,5,15,12,2
3,0,-61.4166666666667,-3.75,273,295,310,281
2,0,-71.0833333333333,-11.0833333333333,283,268,264,209
3,0,-68.5833333333333,-6.58333333333333,338,294,329,271
1,0,-54.5833333333333,-28.0833333333333,151,141,143,169
1,0,-61.4166666666667,-23.5833333333333,106,99,95,49
1,0,-46.5833333333333,-1.25,227,331,433,366
4,0,-55.4166666666667,-21.75,166,141,145,117
1,0,-56.9166666666667,-32.0833333333333,125,120,138,117
3,0,-56.0833333333333,-8.08333333333333,305,295,341,253
3,0,-66.0833333333333,-0.0833333333333321,162,168,214,220
2,0,-66.0833333333333,-10.0833333333333,279,269,247,193
4,0,-67.0833333333333,8.41666666666667,3,5,10,56
1,0,-79.0833333333333,-2.41666666666667,116,153,168,145
2,0,-62.4166666666667,-19.5833333333333,84,88,74,50
1,0,-69.9166666666667,-4.25,317,291,301,296
1,0,-54.0833333333333,-3.08333333333333,191,246,301,268
3,0,-43.5833333333333,-16.75,177,103,113,38
3,0,-62.9166666666667,6.08333333333333,45,43,56,144
4,0,-66.5833333333333,-14.4166666666667,271,279,240,135
4,0,-69.25,-7.58333333333333,325,278,298,250
3,0,-51.4166666666667,-0.0833333333333321,281,300,347,339
4,0,-70.5833333333333,9.91666666666667,32,27,37,109
5,0,-61.5833333333333,7.25,77,36,48,78
2,0,-38.0833333333333,-12.4166666666667,74,96,134,240
1,0,-58.0833333333333,-9.41666666666666,302,267,313,198
1,0,-46.25,-17.25,262,151,152,75
1,0,-37.75,-8.41666666666666,65,82,135,98
3,0,-69.25,-2.75,334,299,305,290
1,0,-62.5833333333333,-3.25,284,262,307,321
2,0,-64.75,-4.75,247,270,304,287
5,0,-56.5833333333333,4.41666666666667,191,142,175,206
3,0,-45.0833333333333,-16.25,177,125,118,54
1,0,-57.9166666666667,3.08333333333333,122,88,122,185
2,0,-43.9166666666667,-19.9166666666667,295,177,178,73
3,0,-56.5833333333333,-7.25,288,296,332,241
4,0,-57.25,-13.9166666666667,336,297,299,157
3,0,-69.75,-11.25,226,241,225,175
4,0,-48.9166666666667,-0.25,414,501,555,489
4,0,-69.0833333333333,-11.9166666666667,269,267,247,155
3,0,-72.75,8.75,84,80,112,300
3,0,-48.75,-21.0833333333333,250,224,154,55
2,0,-56.0833333333333,-19.4166666666667,224,173,142,97
5,0,-48.9166666666667,-19.4166666666667,282,222,186,95
4,0,-48.25,-13.4166666666667,263,237,196,103
2,0,-67.5833333333333,-20.0833333333333,43,33,15,1
3,0,-45.4166666666667,-4.91666666666666,188,257,293,223
1,0,-65.4166666666667,-13.75,256,247,203,127
1,0,-51.4166666666667,-0.916666666666666,278,281,319,339
2,0,-48.25,-17.75,282,196,177,86
2,0,-60.75,0.416666666666668,81,86,151,216
2,0,-41.4166666666667,-18.5833333333333,185,101,116,70
5,0,-61.75,5.08333333333333,71,65,77,175
5,0,-75.5833333333333,3.91666666666667,102,114,138,184
1,0,-71.0833333333333,-12.0833333333333,408,383,344,250
3,0,-75.75,-7.25,171,159,218,183
4,0,-51.4166666666667,-1.58333333333333,266,258,313,327
1,0,-64.4166666666667,-26.75,143,129,112,42
2,0,-58.9166666666667,-4.75,283,266,282,288
1,0,-68.9166666666667,-33.4166666666667,41,40,37,17
2,0,-59.75,-15.75,260,221,198,118
3,0,-68.25,-29.4166666666667,36,33,22,6
1,0,-71.4166666666667,-9.58333333333333,237,195,244,210
3,0,-51.0833333333333,-28.75,147,143,150,119
3,0,-77.0833333333333,-1.75,240,250,328,370
2,0,-58.75,2.41666666666667,74,60,90,154
2,0,-68.5833333333333,2.58333333333333,112,136,194,305
1,0,-64.25,8.08333333333333,16,11,13,51
2,0,-64.75,2.58333333333333,111,125,158,252
5,0,-73.75,4.41666666666667,53,71,109,173
5,0,-65.0833333333333,-1.25,189,209,247,280
4,0,-67.5833333333333,-28.25,44,40,25,5
5,0,-57.75,-5.58333333333333,325,301,321,289
4,0,-75.0833333333333,9.41666666666667,20,21,25,97
1,0,-69.9166666666667,-12.75,514,484,397,253
1,0,-72.0833333333333,4.58333333333333,22,41,86,305
4,0,-74.5833333333333,-9.25,223,212,248,191
3,0,-56.0833333333333,-21.4166666666667,176,138,133,114
2,0,-74.0833333333333,-15.25,52,50,63,9
2,0,-39.4166666666667,-14.9166666666667,115,125,140,122
5,0,-64.0833333333333,-27.75,125,114,91,40
1,0,-75.0833333333333,-12.5833333333333,127,140,125,61
5,0,-42.9166666666667,-16.4166666666667,163,93,102,42
4,0,-67.4166666666667,-27.75,37,39,22,4
5,0,-48.0833333333333,-9.91666666666666,262,249,244,148
4,0,-55.5833333333333,-18.75,239,189,152,104
3,0,-58.75,1.25,87,83,140,206
5,0,-43.0833333333333,-10.0833333333333,117,117,131,85
2,0,-56.9166666666667,-14.0833333333333,311,281,274,148
4,0,-52.75,-31.9166666666667,118,133,110,104
1,0,-66.25,-6.58333333333333,343,342,347,290
5,0,-51.9166666666667,-22.9166666666667,169,169,108,96
2,0,-50.4166666666667,-27.0833333333333,167,146,137,108
4,0,-67.25,6.75,7,15,32,115
4,0,-63.25,-9.41666666666666,364,324,340,212
5,0,-74.9166666666667,10.75,8,13,16,53
1,0,-52.25,-27.25,174,158,130,149
4,0,-55.75,-27.4166666666667,146,151,141,166
4,0,-56.25,-2.08333333333333,271,301,361,323
5,0,-41.0833333333333,-12.0833333333333,86,70,90,60
2,0,-63.5833333333333,-15.0833333333333,238,215,191,86
2,0,-77.9166666666667,7.75,178,91,62,143
4,0,-53.75,-29.9166666666667,139,131,145,129
4,0,-58.9166666666667,6.08333333333333,111,84,80,128
4,0,-49.5833333333333,-11.5833333333333,283,249,250,128
3,0,-60.9166666666667,2.91666666666667,45,46,61,140
3,0,-50.0833333333333,-9.08333333333333,272,268,277,188
4,0,-57.75,-11.5833333333333,342,335,318,166
3,0,-52.4166666666667,-8.91666666666666,312,283,289,198
2,0,-56.25,-18.25,221,174,149,97
5,0,-43.9166666666667,-18.4166666666667,280,137,157,67
1,0,-74.0833333333333,-12.25,209,200,204,113
4,0,-52.25,-24.4166666666667,194,153,147,92
2,0,-53.5833333333333,-30.0833333333333,137,131,142,121
4,0,-45.0833333333333,-12.5833333333333,202,172,180,91
2,0,-51.25,-26.9166666666667,167,139,134,120
4,0,-69.0833333333333,-16.4166666666667,177,157,123,51
5,0,-66.25,-7.41666666666666,327,313,338,268
4,0,-69.0833333333333,-21.9166666666667,8,10,1,0
2,0,-58.0833333333333,-19.4166666666667,158,120,108,71
2,0,-53.4166666666667,-1.58333333333333,163,204,276,302
1,0,-68.0833333333333,7.58333333333333,2,7,18,102
1,0,-49.4166666666667,-0.416666666666666,387,456,503,437
4,0,-74.75,4.25,80,107,155,247
1,0,-67.4166666666667,-19.9166666666667,46,36,17,1
4,0,-41.9166666666667,-17.5833333333333,169,103,110,60
4,0,-48.4166666666667,-21.75,247,219,153,54
2,0,-55.4166666666667,-29.9166666666667,125,143,148,163
1,0,-63.25,-22.4166666666667,182,179,172,92
3,0,-50.0833333333333,-23.4166666666667,158,165,137,101
1,0,-45.4166666666667,-13.0833333333333,187,165,174,82
5,0,-72.5833333333333,-1.91666666666667,214,192,282,300
2,0,-48.5833333333333,-19.0833333333333,278,216,186,96
1,0,-55.0833333333333,-30.4166666666667,126,133,144,142
5,0,-57.75,-21.25,144,119,113,87
1,0,-51.9166666666667,-13.9166666666667,261,226,216,106
1,0,-53.75,-21.75,181,164,127,97
5,0,-55.0833333333333,2.41666666666667,194,170,239,277
5,0,-52.9166666666667,-7.75,305,286,296,226
3,0,-63.25,-10.0833333333333,332,303,285,192
3,0,-71.5833333333333,-31.4166666666667,0,0,0,6
5,0,-65.25,-32.5833333333333,102,82,82,50
1,0,-63.5833333333333,-1.25,193,197,262,293
1,0,-63.0833333333333,-11.75,267,245,246,141
2,0,-40.9166666666667,-21.25,122,94,97,85
1,0,-70.25,-3.91666666666666,327,282,305,312
4,0,-43.5833333333333,-12.9166666666667,127,98,116,59
5,0,-62.9166666666667,-17.75,158,111,93,71
1,0,-43.0833333333333,-6.58333333333333,183,191,237,186
2,0,-75.9166666666667,4.41666666666667,91,107,152,198
5,0,-68.0833333333333,-32.5833333333333,56,48,35,12
4,0,-56.75,-28.4166666666667,126,135,149,157
1,0,-66.75,-2.91666666666667,272,276,312,316
3,0,-63.25,-24.5833333333333,131,109,106,54
1,0,-48.0833333333333,-6.08333333333333,236,253,289,185
5,0,-58.4166666666667,-17.4166666666667,221,177,154,96
5,0,-63.9166666666667,-11.9166666666667,254,239,231,139
1,0,-45.5833333333333,-13.25,178,160,168,81
4,0,-51.0833333333333,-18.0833333333333,275,194,201,109
4,0,-53.25,-29.4166666666667,152,135,146,127
2,0,-70.4166666666667,3.41666666666667,29,56,133,258
4,0,-61.25,-0.0833333333333321,104,124,187,252
2,0,-49.25,-19.4166666666667,273,221,178,89
3,0,-60.9166666666667,-13.5833333333333,313,248,240,137
3,0,-59.9166666666667,-2.25,236,238,295,326
2,0,-64.0833333333333,7.75,26,15,14,55
4,0,-59.9166666666667,-0.0833333333333321,114,120,208,260
4,0,-61.0833333333333,-13.4166666666667,311,248,243,134
2,0,-47.5833333333333,-24.75,254,254,251,167
1,0,-70.25,1.41666666666667,122,146,218,334
1,0,-73.0833333333333,-16.4166666666667,2,1,1,0
1,0,-75.0833333333333,5.08333333333333,132,151,199,269
2,0,-60.25,-33.0833333333333,101,84,126,104
2,0,-54.5833333333333,0.583333333333334,202,214,294,307
4,0,-52.75,-24.5833333333333,252,152,130,89
5,0,-75.5833333333333,-0.0833333333333321,148,159,274,320
3,0,-56.25,2.91666666666667,150,124,173,244
3,0,-75.25,-11.25,182,174,176,110
1,0,-53.9166666666667,-1.58333333333333,168,225,312,318
4,0,-72.75,-2.41666666666667,259,217,311,309
4,0,-40.9166666666667,-13.9166666666667,85,75,70,44
4,0,-68.25,-1.25,319,259,289,314
4,0,-51.25,-8.41666666666666,278,275,282,212
1,0,-67.9166666666667,8.08333333333333,1,5,13,86
1,0,-48.75,-25.4166666666667,253,247,236,140
1,0,-46.4166666666667,-2.91666666666667,242,291,384,317
4,0,-50.25,-0.0833333333333321,284,335,385,371
4,0,-66.4166666666667,-11.5833333333333,272,214,181,82
3,0,-70.4166666666667,-18.9166666666667,0,0,0,0
4,0,-35.4166666666667,-5.08333333333333,42,90,154,176
5,0,-69.75,4.75,23,41,73,243
3,0,-51.75,-24.4166666666667,169,144,107,78
1,0,-63.0833333333333,6.41666666666667,44,41,46,120
2,0,-60.25,-27.4166666666667,134,133,164,138
2,0,-59.75,-15.5833333333333,262,221,204,123
5,0,-63.4166666666667,4.08333333333333,93,78,111,206
4,0,-59.5833333333333,-22.5833333333333,92,82,71,78
5,0,-51.9166666666667,-28.9166666666667,159,136,140,128
4,0,-67.4166666666667,-12.0833333333333,266,235,207,111
5,0,-63.4166666666667,2.58333333333333,113,101,136,208
1,0,-53.25,-30.4166666666667,129,133,135,108
5,0,-49.75,0.416666666666668,319,378,421,405
3,0,-64.4166666666667,5.75,66,45,61,140
3,0,-65.75,-26.9166666666667,79,76,46,12
3,0,-57.0833333333333,-1.58333333333333,280,292,394,370
4,0,-76.4166666666667,1.91666666666667,117,130,167,195
5,0,-51.5833333333333,-20.0833333333333,251,168,156,83
2,0,-60.75,6.41666666666667,107,52,84,123
1,0,-74.5833333333333,5.25,102,129,200,276
3,0,-43.5833333333333,-21.4166666666667,276,217,196,83
3,0,-51.75,-9.25,304,280,286,187
4,0,-68.0833333333333,-14.0833333333333,271,283,237,138
1,0,-76.5833333333333,6.91666666666667,285,284,233,341
1,0,-64.25,-23.25,197,188,184,93
1,0,-68.4166666666667,-10.75,274,232,247,170
1,0,-56.25,-20.0833333333333,214,169,138,101
5,0,-77.5833333333333,-4.25,170,150,196,215
1,0,-59.0833333333333,-8.58333333333333,315,290,304,233
3,0,-57.5833333333333,4.91666666666667,122,105,125,177
3,0,-57.75,5.91666666666667,154,92,115,155
4,0,-64.75,-0.0833333333333321,147,163,213,249
2,0,-60.75,-21.75,100,87,100,64
2,0,-57.9166666666667,-17.0833333333333,227,180,162,100
3,0,-62.9166666666667,-14.0833333333333,233,207,195,93
3,0,-57.0833333333333,-28.5833333333333,131,135,149,162
3,0,-57.75,-14.75,281,230,235,137
5,0,-61.75,-23.9166666666667,122,111,100,46
5,0,-72.0833333333333,-7.08333333333333,274,264,283,267
5,0,-50.9166666666667,-7.41666666666666,259,265,282,231
3,0,-73.9166666666667,1.41666666666667,51,89,160,272
2,0,-35.5833333333333,-5.08333333333333,39,76,135,164
1,0,-67.75,-28.9166666666667,46,52,33,6
1,0,-60.4166666666667,-8.25,349,319,331,257
2,0,-69.25,3.25,48,79,151,279
5,0,-56.5833333333333,-7.91666666666666,300,294,339,248
4,0,-58.0833333333333,-3.41666666666666,269,253,290,259
2,0,-72.4166666666667,-2.08333333333333,223,196,289,309
3,0,-44.5833333333333,-9.25,151,151,171,108
5,0,-76.75,4.75,431,435,473,514
2,0,-63.0833333333333,-33.9166666666667,121,112,138,77
5,0,-70.5833333333333,3.25,28,57,132,263
5,0,-55.4166666666667,-20.25,230,183,142,106
4,0,-62.0833333333333,-9.41666666666666,334,338,340,218
3,0,-64.5833333333333,-10.0833333333333,284,254,251,180
3,0,-49.4166666666667,-14.75,259,227,206,108
4,0,-72.25,2.25,18,54,128,278
3,0,-61.0833333333333,3.91666666666667,43,36,51,98
2,0,-56.25,-17.9166666666667,229,182,157,101
2,0,-59.4166666666667,-12.5833333333333,337,308,281,178
1,0,-64.5833333333333,-17.4166666666667,327,279,244,141
3,0,-52.9166666666667,-25.25,184,190,135,129
2,0,-65.4166666666667,7.91666666666667,17,10,14,63
2,0,-72.25,9.91666666666667,49,33,28,96
2,0,-62.75,-30.0833333333333,127,125,131,86
3,0,-69.5833333333333,4.91666666666667,21,38,66,242
2,0,-44.25,-20.9166666666667,274,192,179,71
5,0,-54.25,-7.41666666666666,336,318,331,249
5,0,-69.25,-0.416666666666666,313,272,317,333
1,0,-51.0833333333333,-25.4166666666667,157,151,144,120
5,0,-68.9166666666667,-29.9166666666667,24,29,18,5
4,0,-53.0833333333333,-29.75,150,135,147,118
2,0,-52.5833333333333,-0.75,230,245,294,321
1,0,-63.0833333333333,7.25,44,29,32,75
4,0,-66.0833333333333,2.41666666666667,143,153,204,301
1,0,-49.4166666666667,-21.4166666666667,216,190,139,51
3,0,-40.4166666666667,-7.25,107,131,175,116
4,0,-71.25,-9.25,247,203,254,214
1,0,-73.0833333333333,-9.75,212,198,222,171
3,0,-43.75,-3.41666666666666,246,293,413,376
4,0,-49.4166666666667,-20.4166666666667,241,223,132,58
5,0,-63.25,-11.25,279,260,255,159
3,0,-70.0833333333333,-8.25,296,244,285,255
3,0,-45.25,-13.25,168,149,160,72
1,0,-53.4166666666667,-13.75,254,271,231,115
2,0,-49.25,-0.75,384,472,510,443
3,0,-65.75,-31.0833333333333,96,86,64,36
1,0,-82.4166666666667,9.58333333333333,240,133,110,196
4,0,-41.5833333333333,-13.5833333333333,92,75,84,50
5,0,-75.9166666666667,4.08333333333333,108,116,142,197
4,0,-53.9166666666667,-21.9166666666667,175,160,129,98
4,0,-45.4166666666667,-6.58333333333333,196,192,213,151
2,0,-58.4166666666667,6.25,176,83,121,139
2,0,-62.75,-2.75,266,251,294,316
1,0,-66.25,-23.0833333333333,43,38,21,2
4,0,-55.4166666666667,3.91666666666667,229,184,220,239
2,0,-55.9166666666667,-16.9166666666667,230,197,170,108
2,0,-77.9166666666667,2.25,413,373,311,383
4,0,-56.0833333333333,-9.41666666666666,348,300,342,258
3,0,-59.4166666666667,-7.41666666666666,290,265,277,223
2,0,-68.25,8.41666666666667,2,5,12,85
3,0,-56.25,5.75,190,117,113,174
1,0,-71.0833333333333,-9.75,246,209,246,211
2,0,-50.25,-24.9166666666667,166,156,121,93
1,0,-41.25,-10.9166666666667,86,55,83,45
2,0,-57.25,-18.0833333333333,205,155,143,90
4,0,-68.25,-0.0833333333333321,303,273,313,344
4,0,-71.5833333333333,12.25,7,6,5,29
3,0,-69.4166666666667,-5.25,324,320,317,260
1,0,-70.5833333333333,6.25,15,17,56,180
1,0,-45.25,-1.58333333333333,152,281,376,362
2,0,-64.25,-29.25,110,94,89,47
5,0,-55.4166666666667,-7.75,300,301,341,262
1,0,-53.0833333333333,-24.0833333333333,175,120,111,103
4,0,-70.9166666666667,-33.0833333333333,2,5,3,15
4,0,-71.0833333333333,-17.9166666666667,0,0,0,0
3,0,-44.4166666666667,-8.91666666666666,151,146,157,100
5,0,-80.0833333333333,0.583333333333334,242,248,238,198
1,0,-51.5833333333333,-23.0833333333333,178,170,121,100
5,0,-70.75,-9.91666666666666,252,220,246,210
3,0,-55.4166666666667,-8.91666666666666,334,316,339,259
2,0,-43.9166666666667,-5.91666666666666,182,180,244,193
1,0,-50.5833333333333,-0.75,296,319,362,346
2,0,-75.25,-4.08333333333333,205,194,232,239
5,0,-59.9166666666667,-31.25,135,91,160,87
3,0,-65.0833333333333,-25.0833333333333,142,125,107,34
3,0,-50.25,-5.25,263,303,327,245
3,0,-45.9166666666667,-9.08333333333333,258,238,225,162
1,0,-68.0833333333333,0.416666666666668,287,270,275,354
4,0,-56.9166666666667,-21.25,164,133,127,102
1,0,-79.4166666666667,-2.58333333333333,206,292,305,234
3,0,-43.75,-16.9166666666667,200,118,125,47
1,0,-62.5833333333333,-12.0833333333333,266,234,246,124
2,0,-52.0833333333333,-27.75,154,143,123,126
4,0,-52.0833333333333,4.41666666666667,360,300,338,386
2,0,-68.25,-27.25,18,25,14,1
3,0,-43.75,-5.08333333333333,219,242,302,256
5,0,-69.0833333333333,2.08333333333333,125,156,212,328
1,0,-58.25,1.58333333333333,96,87,137,201
4,0,-68.0833333333333,-27.5833333333333,22,28,16,2
3,0,-61.75,-29.4166666666667,124,128,139,94
2,0,-52.25,-15.0833333333333,266,229,226,94
5,0,-38.25,-12.5833333333333,68,89,140,237
1,0,-80.25,-6.25,2,5,29,4
4,0,-72.0833333333333,1.08333333333333,62,106,169,288
5,0,-76.9166666666667,4.41666666666667,419,379,414,463
2,0,-67.0833333333333,-6.08333333333333,335,317,330,286
2,0,-56.9166666666667,-28.9166666666667,131,142,152,171
5,0,-67.75,-6.91666666666666,331,290,305,260
3,0,-58.5833333333333,-8.58333333333333,312,286,311,226
5,0,-66.4166666666667,-18.9166666666667,80,65,54,7
1,0,-79.0833333333333,-6.41666666666666,84,99,156,114
2,0,-42.9166666666667,-15.5833333333333,161,107,95,38
4,0,-55.75,0.25,196,198,310,334
1,0,-46.0833333333333,-10.9166666666667,205,191,160,103
2,0,-64.0833333333333,2.25,116,121,153,229
4,0,-57.0833333333333,-14.0833333333333,321,284,282,153
1,0,-68.25,-21.75,24,28,6,0
4,0,-71.75,-7.25,257,242,281,258
2,0,-71.9166666666667,-10.25,238,208,237,197
3,0,-63.75,-0.583333333333332,156,167,226,272
3,0,-60.5833333333333,-33.4166666666667,104,99,132,93
2,0,-60.9166666666667,-22.4166666666667,101,89,99,68
3,0,-65.75,2.91666666666667,122,128,186,306
2,0,-35.75,-9.08333333333333,57,60,133,198
1,0,-57.75,-5.75,328,305,322,279
5,0,-42.0833333333333,-21.4166666666667,200,160,126,64
4,0,-60.25,-11.75,324,320,275,174
5,0,-56.75,5.41666666666667,173,122,126,191
4,0,-64.0833333333333,-33.75,120,98,112,59
1,0,-55.25,-25.9166666666667,154,112,148,165
3,0,-59.5833333333333,-20.4166666666667,97,90,80,58
5,0,-51.5833333333333,-3.08333333333333,296,315,357,343
2,0,-77.0833333333333,-5.91666666666666,146,135,181,157
2,0,-53.5833333333333,-14.5833333333333,312,248,246,116
2,0,-75.0833333333333,6.58333333333333,95,121,150,277
3,0,-49.4166666666667,-2.58333333333333,341,392,434,408
1,0,-46.5833333333333,-5.91666666666666,169,216,242,193
1,0,-46.25,-20.75,283,205,173,77
2,0,-50.25,-29.0833333333333,174,175,162,142
1,0,-74.25,-12.0833333333333,194,180,185,107
1,0,-61.25,4.91666666666667,66,88,82,163
4,0,-56.25,-29.5833333333333,129,155,150,172
1,0,-63.25,-27.25,112,106,97,42
3,0,-77.9166666666667,-5.58333333333333,100,84,122,118
1,0,-67.25,-15.4166666666667,257,252,218,126
2,0,-72.75,9.58333333333333,24,38,62,198
5,0,-67.25,-26.0833333333333,22,27,13,1
4,0,-39.4166666666667,-11.0833333333333,57,58,77,62
2,0,-73.25,-4.41666666666666,265,244,258,276
5,0,-76.25,-7.91666666666666,227,230,256,217
3,0,-47.25,-17.5833333333333,284,205,189,87
5,0,-43.5833333333333,-11.25,136,128,114,74
2,0,-38.4166666666667,-4.08333333333333,93,173,296,268
5,0,-76.5833333333333,-5.91666666666666,170,155,221,181
3,0,-55.25,2.41666666666667,171,158,227,270
2,0,-62.25,-33.0833333333333,120,112,121,78
3,0,-50.5833333333333,-28.25,143,139,126,104
1,0,-63.9166666666667,-5.25,284,292,339,310
2,0,-71.75,-0.75,174,182,261,311
2,0,-63.75,2.25,121,114,141,228
2,0,-53.25,-3.41666666666666,206,253,311,245
3,0,-64.4166666666667,-8.91666666666666,307,286,274,219
4,0,-74.25,4.41666666666667,66,85,109,153
2,0,-55.5833333333333,-25.9166666666667,149,102,143,169
2,0,-79.9166666666667,-5.75,12,19,79,18
5,0,-67.5833333333333,-12.25,266,243,214,115
5,0,-76.25,1.41666666666667,127,143,209,266
1,0,-73.4166666666667,-15.25,117,115,125,28
1,0,-64.75,-8.75,298,284,272,223
3,0,-66.5833333333333,-18.9166666666667,84,67,53,7
1,0,-41.9166666666667,-18.4166666666667,186,104,120,66
4,0,-64.25,-2.25,277,269,301,337
4,0,-57.4166666666667,-25.4166666666667,159,139,141,165
3,0,-58.4166666666667,-23.75,128,103,113,124
1,0,-38.75,-6.25,79,116,218,170
2,0,-66.9166666666667,-30.9166666666667,82,74,47,17
5,0,-62.9166666666667,-11.4166666666667,275,252,251,146
4,0,-77.9166666666667,-10.4166666666667,4,6,6,1
2,0,-36.0833333333333,-9.41666666666666,47,65,129,176
1,0,-66.9166666666667,11.9166666666667,78,41,21,20
1,0,-61.0833333333333,10.75,134,91,72,81
4,0,-50.5833333333333,-9.75,282,265,274,168
2,0,-53.75,-32.5833333333333,113,130,97,104
2,0,-52.25,-14.9166666666667,260,226,227,98
4,0,-53.5833333333333,-12.75,287,282,239,129
5,0,-61.0833333333333,-7.41666666666666,377,347,372,257
1,0,-39.5833333333333,-17.0833333333333,111,87,107,98
5,0,-58.75,-23.0833333333333,110,102,108,102
3,0,-39.9166666666667,-14.4166666666667,117,103,105,92
4,0,-56.0833333333333,-0.25,211,213,347,362
4,0,-52.75,-27.25,162,169,126,156
4,0,-50.9166666666667,-19.0833333333333,277,188,181,88
5,0,-53.25,-22.0833333333333,166,163,110,90
3,0,-62.4166666666667,-6.41666666666666,270,261,295,240
1,0,-50.25,-12.75,276,239,228,118
4,0,-66.75,-15.5833333333333,304,296,264,148
4,0,-72.5833333333333,5.08333333333333,22,57,100,300
2,0,-46.5833333333333,-9.91666666666666,226,217,183,112
2,0,-58.25,-19.9166666666667,151,118,104,70
2,0,-49.4166666666667,-23.0833333333333,184,194,136,73
4,0,-37.9166666666667,-11.0833333333333,34,57,79,104
4,0,-45.5833333333333,-3.41666666666666,238,281,398,327
4,0,-58.0833333333333,0.416666666666668,147,141,223,279
1,0,-63.25,-14.9166666666667,221,198,179,80
2,0,-53.75,-13.4166666666667,271,277,236,123
1,0,-43.25,-13.25,148,110,123,62
3,0,-50.25,-9.41666666666666,276,267,275,180
1,0,-48.75,-19.75,285,227,197,99
1,0,-48.75,-16.4166666666667,264,219,198,124
5,0,-72.5833333333333,-13.5833333333333,204,206,178,76
5,0,-64.75,0.25,142,159,208,243
5,0,-52.5833333333333,-14.4166666666667,258,223,232,100
5,0,-70.0833333333333,-30.75,8,11,9,6
4,0,-55.5833333333333,-1.75,250,268,347,323
3,0,-37.9166666666667,-7.58333333333333,93,147,202,182
3,0,-63.9166666666667,4.08333333333333,96,93,124,249
4,0,-56.5833333333333,-23.25,164,134,153,127
3,0,-49.25,-10.75,271,254,265,149
5,0,-63.5833333333333,-14.9166666666667,237,214,191,88
5,0,-68.25,-29.0833333333333,32,29,21,5
3,0,-56.25,-4.75,259,278,310,277
1,0,-59.5833333333333,0.916666666666668,80,78,135,200
2,0,-57.9166666666667,-31.75,129,125,145,129
2,0,-45.4166666666667,-9.08333333333333,195,208,190,140
2,0,-42.75,-18.5833333333333,220,149,159,87
5,0,-68.25,3.75,52,79,131,261
1,0,-44.5833333333333,-19.25,265,157,136,53
5,0,-74.0833333333333,-11.0833333333333,239,234,218,133
1,0,-56.9166666666667,-26.4166666666667,137,130,125,154
1,0,-77.0833333333333,-5.41666666666666,160,141,187,176
4,0,-57.75,6.41666666666667,159,90,95,130
1,0,-66.9166666666667,-15.25,284,284,252,145
5,0,-37.5833333333333,-7.08333333333333,89,152,254,248
3,0,-65.9166666666667,-9.25,270,266,242,207
5,0,-71.5833333333333,-31.9166666666667,0,0,0,11
4,0,-51.75,-29.9166666666667,150,136,141,109
1,0,-64.5833333333333,-27.25,130,124,110,43
1,0,-69.5833333333333,-16.25,188,188,149,49
1,0,-70.4166666666667,10.75,16,11,23,64
4,0,-52.9166666666667,-19.4166666666667,266,188,167,101
3,0,-54.0833333333333,-30.9166666666667,121,134,130,114
4,0,-41.25,-18.0833333333333,168,97,106,68
4,0,-49.4166666666667,-10.5833333333333,271,255,267,151
2,0,-50.25,-30.25,135,130,117,127
1,0,-43.4166666666667,-16.0833333333333,167,100,109,40
3,0,-70.5833333333333,0.25,186,205,246,333
3,0,-64.5833333333333,-5.75,292,302,336,290
1,0,-62.4166666666667,-18.75,99,88,82,57
1,0,-55.0833333333333,-22.5833333333333,146,141,149,121
1,0,-45.9166666666667,-21.25,262,202,169,72
3,0,-70.25,8.25,16,16,26,110
4,0,-66.5833333333333,-6.25,340,336,337,290
1,0,-53.9166666666667,-29.4166666666667,144,133,146,143
5,0,-54.9166666666667,-5.41666666666666,288,322,350,260
3,0,-74.5833333333333,3.41666666666667,80,97,120,168
1,0,-48.0833333333333,-2.58333333333333,295,359,407,333
2,0,-68.5833333333333,7.58333333333333,3,9,22,113
3,0,-74.4166666666667,-11.75,225,203,205,128
1,0,-45.25,-20.5833333333333,293,185,150,75
5,0,-71.5833333333333,-11.5833333333333,317,301,282,213
1,0,-46.9166666666667,-8.25,213,180,215,138
1,0,-40.5833333333333,-18.4166666666667,163,93,111,77
3,0,-72.4166666666667,5.41666666666667,22,42,88,265
4,0,-65.9166666666667,-4.41666666666666,269,293,329,306
4,0,-43.25,-4.41666666666666,215,269,363,292
3,0,-40.9166666666667,-6.25,92,116,198,165
3,0,-62.25,3.75,93,94,117,207
1,0,-63.25,-8.08333333333333,330,296,335,245
2,0,-62.9166666666667,-5.58333333333333,288,260,303,273
5,0,-68.75,-3.75,258,269,278,269
2,0,-74.9166666666667,5.58333333333333,117,126,192,276
1,0,-52.75,-23.4166666666667,155,133,99,89
3,0,-66.75,-33.5833333333333,60,49,42,21
5,0,-46.4166666666667,-17.9166666666667,270,186,166,70
3,0,-62.0833333333333,-11.4166666666667,324,253,289,151
5,0,-71.75,-14.5833333333333,199,197,177,61
5,0,-69.75,6.75,9,14,37,156
2,0,-65.25,-14.5833333333333,279,263,229,124
3,0,-70.75,-0.416666666666666,221,219,281,325
4,0,-50.0833333333333,-8.08333333333333,261,271,280,212
2,0,-65.9166666666667,-8.58333333333333,264,281,271,223
5,0,-39.25,-10.4166666666667,55,59,83,69
5,0,-75.25,-10.9166666666667,231,213,222,153
2,0,-42.9166666666667,-23.0833333333333,126,147,168,137
5,0,-41.9166666666667,-16.9166666666667,148,87,98,44
3,0,-60.0833333333333,7.25,109,80,85,130
5,0,-75.5833333333333,-3.25,198,196,235,249
3,0,-80.25,-5.58333333333333,9,15,59,11
5,0,-57.75,-33.75,104,119,129,92
5,0,-79.4166666666667,-3.58333333333333,95,120,145,122
3,0,-69.0833333333333,-20.0833333333333,39,35,11,0
2,0,-59.0833333333333,-9.58333333333333,317,302,305,216
1,0,-64.5833333333333,1.08333333333333,123,141,179,235
2,0,-63.75,10.75,20,12,11,15
2,0,-69.25,-18.25,103,81,67,2
2,0,-64.75,-6.25,355,369,377,317
5,0,-61.4166666666667,-9.25,333,325,319,263
5,0,-38.4166666666667,-12.9166666666667,81,108,152,307
3,0,-65.4166666666667,2.91666666666667,92,125,153,266
5,0,-79.0833333333333,-7.91666666666666,7,10,17,2
5,0,-72.4166666666667,11.9166666666667,6,1,2,25
1,0,-61.0833333333333,-14.0833333333333,279,228,219,122
5,0,-51.75,-17.25,303,215,218,110
4,0,-57.75,-31.0833333333333,144,140,156,141
4,0,-40.9166666666667,-15.9166666666667,120,66,84,63
3,0,-68.5833333333333,-26.9166666666667,14,22,12,1
2,0,-45.25,-10.5833333333333,180,176,153,106
4,0,-57.75,3.91666666666667,126,120,158,185
5,0,-63.4166666666667,-2.58333333333333,258,240,284,308
5,0,-65.9166666666667,-22.75,54,45,27,3
4,0,-40.25,-2.91666666666667,98,188,331,312
1,0,-53.4166666666667,-3.25,196,246,302,248
1,0,-56.75,-31.75,127,123,140,119
4,0,-66.9166666666667,-2.75,270,278,301,312
3,0,-63.75,11.0833333333333,50,27,22,28
1,0,-78.4166666666667,-5.25,137,116,167,194
4,0,-53.25,-15.5833333333333,302,255,223,100
2,0,-42.5833333333333,-9.08333333333333,102,113,138,97
1,0,-59.5833333333333,-15.75,265,223,202,121
5,0,-67.9166666666667,-26.75,19,26,13,1
2,0,-52.9166666666667,-14.9166666666667,280,236,229,99
5,0,-45.25,-16.4166666666667,179,127,122,57
3,0,-75.0833333333333,3.25,94,111,140,192
3,0,-70.9166666666667,-4.08333333333333,298,257,286,300
2,0,-64.25,3.91666666666667,96,90,121,230
1,0,-54.75,-32.25,112,117,104,112
5,0,-63.9166666666667,-30.9166666666667,117,109,105,58
4,0,-69.75,-27.0833333333333,1,2,2,1
3,0,-68.75,-23.5833333333333,7,7,1,0
2,0,-79.25,-3.25,81,99,127,108
3,0,-63.4166666666667,-30.5833333333333,124,115,118,74
5,0,-54.75,-30.0833333333333,130,134,144,145
1,0,-60.9166666666667,-19.4166666666667,76,86,70,46
1,0,-53.75,-25.75,203,177,147,125
4,0,-55.4166666666667,-0.583333333333332,213,225,357,358
2,0,-47.0833333333333,-1.08333333333333,272,388,472,391
2,0,-65.4166666666667,-30.25,95,84,63,32
3,0,-43.9166666666667,-14.9166666666667,136,92,98,45
5,0,-48.5833333333333,-18.25,272,200,181,84
4,0,-59.9166666666667,-9.58333333333333,327,307,299,272
1,0,-46.0833333333333,-19.5833333333333,290,207,173,90
3,0,-62.0833333333333,7.75,64,36,33,59
5,0,-54.75,-2.75,218,269,329,303
3,0,-77.4166666666667,-2.25,235,232,307,333
2,0,-62.0833333333333,-26.4166666666667,111,90,106,47
4,0,-51.4166666666667,-2.41666666666667,300,318,382,370
2,0,-57.4166666666667,-18.75,190,135,130,82
2,0,-54.25,-16.75,281,233,192,102
4,0,-75.0833333333333,-9.91666666666666,245,234,230,193
5,0,-48.0833333333333,-14.9166666666667,251,222,201,115
3,0,-49.0833333333333,-20.5833333333333,240,223,146,57
3,0,-50.9166666666667,1.58333333333333,310,318,346,361
5,0,-68.0833333333333,-33.9166666666667,41,39,33,15
3,0,-44.75,-7.58333333333333,171,159,200,144
4,0,-56.0833333333333,-25.5833333333333,155,107,135,166
5,0,-46.4166666666667,-5.25,159,205,229,184
3,0,-54.75,0.583333333333334,198,209,293,309
4,0,-48.0833333333333,-12.25,270,241,211,114
2,0,-61.0833333333333,-26.25,116,98,138,83
1,0,-51.5833333333333,-19.9166666666667,264,171,163,86
2,0,-66.4166666666667,-20.75,53,43,27,1
4,0,-68.5833333333333,-1.75,336,277,301,307
5,0,-64.25,-26.4166666666667,150,130,122,37
1,0,-74.75,7.58333333333333,78,84,110,305
4,0,-44.5833333333333,-3.41666666666666,209,251,334,306
1,0,-68.0833333333333,-0.916666666666666,311,255,285,315
1,0,-78.4166666666667,7.91666666666667,66,30,23,115
1,0,-74.25,-10.25,228,227,221,151
5,0,-67.9166666666667,-10.0833333333333,203,197,202,137
3,0,-75.25,1.08333333333333,94,147,274,359
3,0,-69.9166666666667,-22.75,1,0,0,0
5,0,-59.75,-2.25,241,245,303,324
5,0,-39.75,-5.75,56,111,179,173
5,0,-48.0833333333333,-12.4166666666667,263,236,203,109
5,0,-64.5833333333333,-13.9166666666667,250,232,206,114
3,0,-61.9166666666667,-9.25,332,328,326,227
1,0,-68.9166666666667,6.58333333333333,8,13,33,153
5,0,-59.9166666666667,-3.91666666666666,266,257,264,258
1,0,-59.5833333333333,-16.0833333333333,264,226,194,114
4,0,-69.0833333333333,-2.58333333333333,351,306,314,296
2,0,-65.4166666666667,-9.25,275,251,237,193
5,0,-58.0833333333333,-7.75,332,312,326,254
5,0,-53.75,2.58333333333333,221,222,286,316
1,0,-67.9166666666667,-6.08333333333333,329,302,334,274
3,0,-68.9166666666667,-5.91666666666666,344,321,333,263
1,0,-69.0833333333333,-11.25,235,232,225,161
3,0,-61.9166666666667,-27.25,117,107,120,65
3,0,-54.9166666666667,-30.5833333333333,127,133,139,136
2,0,-53.75,-28.4166666666667,149,133,129,155
2,0,-59.9166666666667,-16.25,254,224,184,108
4,0,-41.9166666666667,-5.25,173,200,301,232
3,0,-50.9166666666667,0.75,252,295,322,349
5,0,-54.5833333333333,-21.9166666666667,163,145,134,104
1,0,-61.5833333333333,2.25,69,63,86,162
1,0,-65.0833333333333,-21.25,100,91,64,17
1,0,-75.25,7.58333333333333,57,76,88,284
3,0,-58.5833333333333,-31.0833333333333,131,121,154,124
1,0,-49.75,-27.25,177,169,141,105
2,0,-77.0833333333333,6.25,482,487,379,342
4,0,-46.75,-1.91666666666667,235,295,410,326
1,0,-50.4166666666667,-28.9166666666667,161,164,154,128
4,0,-77.4166666666667,0.75,87,97,121,151
2,0,-40.75,-18.5833333333333,167,93,110,75
2,0,-52.0833333333333,-12.25,278,236,224,135
5,0,-50.4166666666667,-14.75,253,239,215,105
3,0,-67.25,1.91666666666667,201,199,255,318
1,0,-74.4166666666667,10.4166666666667,14,21,25,88
4,0,-63.75,-18.9166666666667,133,127,102,70
4,0,-67.25,9.91666666666667,16,10,16,50
4,0,-62.75,-16.25,193,173,137,74
3,0,-64.25,-18.9166666666667,127,105,79,40
5,0,-56.5833333333333,-2.25,279,321,387,312
3,0,-51.4166666666667,-15.25,255,234,223,97
2,0,-79.0833333333333,-1.08333333333333,287,306,326,304
3,0,-56.4166666666667,-0.916666666666666,241,242,390,392
4,0,-70.25,-1.75,304,261,336,324
1,0,-53.4166666666667,-31.75,115,134,113,104
1,0,-55.75,-30.4166666666667,126,141,148,143
4,0,-60.25,-10.9166666666667,340,317,281,212
3,0,-56.75,-18.25,211,160,143,92
5,0,-60.9166666666667,3.08333333333333,39,40,58,128
4,0,-61.9166666666667,-6.08333333333333,245,246,268,229
1,0,-80.9166666666667,-6.25,1,2,16,0
2,0,-66.25,9.25,9,4,4,30
5,0,-56.9166666666667,-30.9166666666667,141,153,151,131
4,0,-49.75,-1.25,328,394,423,397
5,0,-63.0833333333333,9.75,61,26,21,34
5,0,-75.0833333333333,3.41666666666667,89,107,148,198
4,0,-49.9166666666667,-9.25,271,266,274,182
5,0,-43.0833333333333,-8.91666666666666,122,132,148,108
1,0,-67.5833333333333,-8.75,251,290,315,230
1,0,-75.5833333333333,2.75,119,128,160,186
2,0,-75.4166666666667,-1.91666666666667,199,216,281,310
2,0,-69.5833333333333,-12.25,345,341,299,188
5,0,-58.4166666666667,-22.0833333333333,115,107,101,87
3,0,-57.4166666666667,-14.9166666666667,256,214,221,133
3,0,-73.0833333333333,8.41666666666667,85,70,92,212
3,0,-61.4166666666667,-10.0833333333333,334,320,312,252
4,0,-76.75,-9.58333333333333,104,120,142,85
3,0,-61.0833333333333,-9.08333333333333,341,318,322,290
2,0,-58.75,-8.25,315,288,307,231
2,0,-58.75,6.91666666666667,183,90,97,104
5,0,-73.9166666666667,-9.75,199,196,209,162
4,0,-60.0833333333333,-12.9166666666667,312,293,286,188
4,0,-63.25,-33.4166666666667,118,102,123,71
3,0,-64.9166666666667,-30.5833333333333,91,89,65,39
1,0,-60.75,3.08333333333333,41,43,68,137
4,0,-58.0833333333333,-9.58333333333333,303,267,312,194
5,0,-61.5833333333333,-8.41666666666666,359,321,349,252
3,0,-45.4166666666667,-10.25,194,180,159,116
4,0,-49.9166666666667,-16.0833333333333,292,233,224,124
1,0,-77.25,-3.41666666666666,199,177,230,239
1,0,-51.25,-0.0833333333333321,283,309,361,348
4,0,-67.0833333333333,-8.41666666666666,265,280,300,234
1,0,-49.25,-12.25,286,248,238,122
5,0,-62.25,-10.4166666666667,328,301,310,178
2,0,-65.4166666666667,-30.75,94,87,63,37
2,0,-57.4166666666667,-3.41666666666666,280,247,298,264
1,0,-68.75,-16.9166666666667,143,117,81,23
3,0,-45.4166666666667,-22.5833333333333,301,248,187,90
2,0,-56.0833333333333,-2.75,246,296,329,301
5,0,-61.0833333333333,-23.0833333333333,95,89,90,58
4,0,-67.4166666666667,-4.75,286,259,321,301
2,0,-56.5833333333333,-0.416666666666666,219,220,354,376
5,0,-70.0833333333333,-24.9166666666667,0,0,0,0
2,0,-65.0833333333333,-13.75,253,241,204,120
5,0,-50.25,-22.75,190,154,119,70
3,0,-48.25,-3.75,278,331,374,301
1,0,-70.25,-26.5833333333333,0,0,0,0
4,0,-62.4166666666667,4.41666666666667,92,80,95,216
2,0,-64.9166666666667,-20.75,102,98,72,21
3,0,-65.9166666666667,-29.0833333333333,92,76,69,27
3,0,-55.4166666666667,-25.4166666666667,153,92,138,158
1,0,-56.5833333333333,-28.0833333333333,126,136,147,148
4,0,-75.4166666666667,-6.91666666666666,185,163,233,193
4,0,-52.0833333333333,0.25,264,279,326,325
2,0,-51.0833333333333,-0.583333333333332,290,303,342,337
1,0,-38.9166666666667,-13.0833333333333,90,107,135,223
2,0,-53.75,-5.91666666666666,283,316,308,230
4,0,-45.75,-18.25,258,157,152,71
1,0,-64.25,-5.08333333333333,272,289,330,305
3,0,-52.4166666666667,-11.25,314,278,263,147
4,0,-45.9166666666667,-6.58333333333333,200,197,218,161
1,0,-60.25,0.0833333333333339,98,106,188,244
2,0,-49.75,-18.9166666666667,272,215,188,88
4,0,-75.5833333333333,-14.0833333333333,5,6,6,0
2,0,-48.25,-19.75,284,216,196,96
2,0,-56.0833333333333,-32.75,101,77,117,117
4,0,-41.4166666666667,-15.0833333333333,124,77,77,48
2,0,-61.9166666666667,-0.416666666666666,135,165,221,289
5,0,-64.75,-14.75,285,261,228,121
3,0,-54.4166666666667,-27.9166666666667,150,142,140,165
2,0,-53.9166666666667,-12.0833333333333,314,294,250,144
4,0,-74.5833333333333,0.0833333333333339,97,158,235,340
1,0,-71.5833333333333,-16.9166666666667,3,4,1,0
4,0,-62.9166666666667,-4.41666666666666,271,245,291,298
3,0,-65.4166666666667,-14.75,289,272,241,129
3,0,-66.25,-0.75,180,185,221,243
4,0,-67.9166666666667,9.75,10,9,14,67
3,0,-55.75,-0.0833333333333321,205,210,337,353
1,0,-58.4166666666667,-9.41666666666666,304,275,310,201
2,0,-40.4166666666667,-3.25,104,174,299,283
3,0,-52.0833333333333,-30.5833333333333,129,137,132,104
1,0,-59.9166666666667,-15.4166666666667,259,219,206,128
2,0,-72.0833333333333,-12.25,225,232,211,147
4,0,-57.5833333333333,-25.25,156,136,131,159
2,0,-46.4166666666667,-21.25,265,217,181,76
3,0,-76.0833333333333,-9.25,332,306,290,214
4,0,-48.9166666666667,-26.9166666666667,191,209,167,123
3,0,-49.5833333333333,-13.4166666666667,267,239,215,110
4,0,-53.4166666666667,-18.25,287,208,182,103
3,0,-39.9166666666667,-7.25,110,141,208,148
4,0,-70.0833333333333,-27.4166666666667,0,0,1,0
1,0,-65.4166666666667,-33.75,87,69,70,40
3,0,-80.0833333333333,-6.08333333333333,5,8,43,7
2,0,-65.5833333333333,6.58333333333333,23,22,32,141
3,0,-54.9166666666667,-28.4166666666667,153,144,151,177
1,0,-52.4166666666667,-22.9166666666667,156,158,97,85
5,0,-59.4166666666667,-13.25,334,283,283,178
2,0,-70.0833333333333,-15.75,140,142,118,38
4,0,-51.75,-12.9166666666667,272,237,214,115
3,0,-69.4166666666667,-24.4166666666667,1,2,1,0
4,0,-63.0833333333333,-6.41666666666666,283,265,306,253
4,0,-51.5833333333333,-8.08333333333333,278,273,285,216
3,0,-53.75,-10.4166666666667,397,343,316,196
3,0,-74.4166666666667,-7.58333333333333,183,200,247,207
5,0,-61.5833333333333,-20.5833333333333,69,81,63,45
5,0,-44.0833333333333,-4.41666666666666,212,252,334,264
5,0,-63.5833333333333,-1.08333333333333,182,188,253,287
5,0,-73.25,4.08333333333333,30,73,138,373
3,0,-70.5833333333333,-5.75,280,303,286,269
5,0,-44.75,-23.0833333333333,276,267,231,126
5,0,-47.4166666666667,-19.4166666666667,297,220,200,95
3,0,-69.4166666666667,-26.5833333333333,4,8,4,0
3,0,-56.25,-22.25,152,118,136,122
1,0,-51.9166666666667,0.25,264,282,332,329
3,0,-53.75,-28.5833333333333,148,130,129,154
1,0,-63.5833333333333,-27.25,117,110,97,40
3,0,-53.75,1.08333333333333,218,227,287,303
3,0,-66.5833333333333,-13.9166666666667,264,270,226,128
4,0,-69.25,-23.75,3,3,1,0
2,0,-62.9166666666667,3.08333333333333,110,91,114,198
1,0,-59.4166666666667,6.25,151,68,115,137
4,0,-76.0833333333333,-2.25,205,244,288,314
3,0,-40.4166666666667,-9.25,80,84,122,77
3,0,-65.25,-28.25,134,117,108,49
4,0,-64.4166666666667,-12.0833333333333,252,237,221,136
2,0,-47.0833333333333,-19.25,295,208,189,85
2,0,-74.9166666666667,7.58333333333333,61,72,112,273
4,0,-45.0833333333333,-6.08333333333333,177,185,242,169
4,0,-62.0833333333333,-9.75,313,350,336,204
4,0,-79.0833333333333,-5.58333333333333,111,103,130,123
4,0,-62.4166666666667,-30.5833333333333,118,119,131,81
4,0,-71.4166666666667,7.41666666666667,23,22,64,159
3,0,-64.5833333333333,3.58333333333333,111,99,137,239
2,0,-61.75,-18.5833333333333,103,96,81,55
3,0,-67.75,-5.08333333333333,300,278,328,289
4,0,-41.4166666666667,-3.91666666666666,124,166,269,258
1,0,-53.0833333333333,-27.9166666666667,152,151,126,144
3,0,-48.9166666666667,-1.58333333333333,338,439,433,397
3,0,-57.9166666666667,5.91666666666667,164,97,131,171
1,0,-67.75,-14.0833333333333,274,296,245,136
1,0,-38.9166666666667,-10.9166666666667,42,47,77,67
4,0,-43.4166666666667,-5.58333333333333,208,210,280,238
3,0,-44.25,-14.9166666666667,167,107,115,49
3,0,-72.9166666666667,2.25,21,74,123,271
2,0,-70.0833333333333,-16.9166666666667,128,127,117,17
1,0,-61.75,6.58333333333333,71,33,63,111
4,0,-55.75,-4.91666666666666,305,307,363,298
4,0,-70.75,3.75,29,53,113,245
4,0,-56.75,-27.5833333333333,127,138,137,126
3,0,-56.5833333333333,-8.75,317,281,338,238
5,0,-68.9166666666667,0.25,285,261,305,348
1,0,-55.9166666666667,1.75,143,138,207,248
5,0,-63.9166666666667,-21.0833333333333,141,143,151,72
5,0,-62.5833333333333,-11.9166666666667,271,238,252,131
2,0,-52.5833333333333,-13.9166666666667,261,231,235,105
2,0,-56.75,-4.91666666666666,287,273,323,290
3,0,-71.0833333333333,-0.25,185,196,260,320
2,0,-53.75,-31.75,113,130,111,104
2,0,-60.25,-25.75,116,103,156,104
5,0,-78.0833333333333,-9.41666666666666,21,28,31,8
2,0,-40.0833333333333,-11.4166666666667,87,78,98,68
2,0,-53.9166666666667,-28.75,147,131,134,155
1,0,-43.75,-18.25,288,137,167,74
3,0,-69.25,2.08333333333333,117,149,208,330
4,0,-42.9166666666667,-8.58333333333333,117,139,152,115
2,0,-73.5833333333333,-9.58333333333333,202,196,218,171
2,0,-40.25,-16.9166666666667,119,93,95,82
2,0,-60.9166666666667,-21.75,97,85,97,61
4,0,-59.25,-16.5833333333333,262,220,180,109
4,0,-75.9166666666667,8.41666666666667,42,40,36,127
3,0,-54.4166666666667,-12.4166666666667,309,298,243,140
3,0,-72.75,-8.08333333333333,263,255,298,224
5,0,-43.5833333333333,-12.75,133,103,124,62
5,0,-69.25,-21.25,4,2,1,0
1,0,-72.75,1.25,52,94,150,268
2,0,-67.9166666666667,-9.58333333333333,230,238,241,169
3,0,-65.0833333333333,-22.5833333333333,82,73,51,12
1,0,-41.9166666666667,-22.25,171,133,128,89
4,0,-53.75,-8.25,320,271,293,220
1,0,-49.4166666666667,-17.75,277,207,194,99
5,0,-59.25,-18.0833333333333,186,158,139,90
5,0,-57.5833333333333,-1.08333333333333,250,252,349,377
5,0,-44.25,-12.75,153,146,140,80
2,0,-62.5833333333333,-12.9166666666667,257,228,224,110
3,0,-71.4166666666667,-0.916666666666666,200,198,281,319
5,0,-70.9166666666667,-4.25,259,256,266,287
5,0,-75.75,-2.08333333333333,202,228,284,312
3,0,-76.5833333333333,-4.58333333333333,184,183,220,199
5,0,-53.75,-13.75,264,268,235,121
4,0,-46.25,-6.25,175,208,245,187
4,0,-62.75,-3.41666666666666,275,251,298,309
4,0,-69.9166666666667,11.4166666666667,15,8,9,25
4,0,-51.25,-26.5833333333333,162,147,142,123
1,0,-72.4166666666667,-8.58333333333333,253,221,272,213
5,0,-49.0833333333333,-20.4166666666667,243,226,148,62
5,0,-71.25,5.58333333333333,17,32,66,270
1,0,-60.25,-19.9166666666667,80,85,72,49
5,0,-71.25,-5.75,268,291,278,285
3,0,-66.25,-24.25,37,36,18,1
4,0,-62.9166666666667,-1.41666666666667,193,202,272,299
2,0,-73.5833333333333,-14.25,182,174,191,61
1,0,-41.75,-12.4166666666667,112,85,90,69
5,0,-69.25,-20.9166666666667,5,3,1,0
5,0,-62.75,-24.75,117,99,98,52
5,0,-66.5833333333333,-23.9166666666667,34,33,16,1
5,0,-59.4166666666667,-21.75,89,85,70,66
5,0,-37.0833333333333,-4.91666666666666,52,107,191,196
4,0,-68.4166666666667,-3.25,286,291,294,288
2,0,-58.25,-3.41666666666666,283,272,305,273
3,0,-71.25,-0.75,203,202,279,320
4,0,-53.75,-32.9166666666667,112,130,93,101
1,0,-72.25,11.25,11,15,9,60
2,0,-54.4166666666667,-1.91666666666667,180,218,299,296
5,0,-53.0833333333333,-18.25,300,214,194,109
4,0,-77.0833333333333,-3.41666666666666,196,178,225,233
4,0,-64.5833333333333,10.25,29,19,16,31
2,0,-69.25,-0.25,303,270,311,335
4,0,-76.4166666666667,8.75,20,30,38,117
5,0,-56.9166666666667,4.41666666666667,187,137,170,200
1,0,-53.25,-33.0833333333333,108,125,92,96
4,0,-67.0833333333333,-30.0833333333333,74,67,49,17
5,0,-65.0833333333333,-26.0833333333333,130,111,88,24
5,0,-50.4166666666667,-13.4166666666667,265,239,217,111
3,0,-45.9166666666667,-6.08333333333333,176,200,234,170
1,0,-45.4166666666667,-17.4166666666667,226,133,132,60
1,0,-79.0833333333333,-6.25,70,91,146,107
5,0,-54.5833333333333,-31.5833333333333,118,127,116,114
1,0,-64.9166666666667,1.41666666666667,144,147,191,256
1,0,-52.4166666666667,-12.0833333333333,289,251,233,139
3,0,-56.0833333333333,-3.25,241,283,315,288
4,0,-67.9166666666667,3.41666666666667,79,98,154,266
1,0,-44.75,-18.75,268,135,128,53
5,0,-65.25,-23.75,94,85,56,16
4,0,-70.25,-31.9166666666667,6,9,9,12
3,0,-42.75,-13.75,156,101,99,50
1,0,-65.25,-13.0833333333333,254,241,205,127
4,0,-52.0833333333333,-9.58333333333333,317,285,289,178
4,0,-70.0833333333333,-23.25,0,0,0,0
4,0,-71.75,-5.75,275,287,279,295
2,0,-62.9166666666667,-9.91666666666666,323,312,311,195
2,0,-50.25,-23.4166666666667,162,165,125,100
3,0,-39.5833333333333,-8.58333333333333,65,74,122,81
2,0,-73.0833333333333,10.9166666666667,13,17,30,108
5,0,-59.4166666666667,-2.91666666666667,271,272,309,283
4,0,-73.4166666666667,-0.25,109,146,218,301
3,0,-54.9166666666667,1.08333333333333,183,190,268,294
1,0,-52.5833333333333,-27.4166666666667,159,163,125,152
2,0,-57.75,-3.75,272,265,290,277
1,0,-52.75,-5.41666666666666,281,307,298,219
1,0,-52.75,-10.0833333333333,347,307,302,179
5,0,-54.0833333333333,-28.5833333333333,149,134,135,158
2,0,-75.0833333333333,8.91666666666667,20,24,32,117
2,0,-62.0833333333333,-18.25,114,98,85,58
3,0,-58.4166666666667,-7.25,337,313,312,249
1,0,-75.0833333333333,7.91666666666667,56,44,74,213
5,0,-48.75,-6.08333333333333,225,250,287,181
2,0,-80.5833333333333,-4.25,39,69,152,53
4,0,-76.25,-2.08333333333333,209,243,293,322
3,0,-47.25,-0.75,284,408,495,421
5,0,-52.75,-29.9166666666667,151,138,147,110
5,0,-74.75,-0.416666666666666,129,155,234,300
3,0,-54.9166666666667,-24.5833333333333,153,125,127,140
1,0,-70.0833333333333,10.0833333333333,20,19,32,88
1,0,-58.9166666666667,5.08333333333333,138,94,138,176
3,0,-47.0833333333333,-10.75,247,233,199,122
4,0,-70.0833333333333,2.41666666666667,58,93,166,308
5,0,-67.25,-20.25,42,33,14,1
3,0,-50.4166666666667,-29.25,186,184,176,162
3,0,-75.0833333333333,-11.5833333333333,142,153,143,72
5,0,-66.25,-33.25,76,64,56,29
1,0,-63.4166666666667,2.91666666666667,106,98,127,219
2,0,-73.0833333333333,-12.25,258,259,245,150
5,0,-37.9166666666667,-7.08333333333333,97,161,248,232
3,0,-56.5833333333333,-2.75,255,319,344,310
4,0,-58.4166666666667,-13.5833333333333,347,290,301,170
5,0,-62.9166666666667,-31.25,116,109,119,72
2,0,-35.75,-9.75,60,83,152,246
3,0,-61.0833333333333,-28.25,115,126,147,100
3,0,-59.0833333333333,-28.75,112,103,134,126
1,0,-56.25,5.41666666666667,188,129,129,199
4,0,-69.5833333333333,-21.0833333333333,2,0,0,0
1,0,-52.75,-32.25,110,125,102,102
4,0,-51.5833333333333,-8.58333333333333,286,276,281,204
1,0,-50.5833333333333,-17.9166666666667,270,196,204,107
4,0,-65.0833333333333,-31.9166666666667,109,92,90,63
2,0,-72.4166666666667,-12.25,252,260,237,159
5,0,-69.0833333333333,-6.25,340,306,319,254
5,0,-60.9166666666667,-29.5833333333333,114,120,147,94
1,0,-53.5833333333333,-29.25,149,132,143,140
5,0,-73.0833333333333,-11.4166666666667,242,238,218,151
3,0,-43.75,-3.91666666666666,226,277,379,328
5,0,-57.5833333333333,-18.0833333333333,199,153,140,89
2,0,-52.5833333333333,-15.0833333333333,280,238,232,99
5,0,-58.0833333333333,-5.58333333333333,320,298,317,287
3,0,-69.75,-17.0833333333333,114,112,100,13
4,0,-56.25,2.75,167,127,184,244
5,0,-54.4166666666667,-20.4166666666667,233,181,140,99
1,0,-70.4166666666667,-16.9166666666667,118,120,109,18
5,0,-59.75,-33.5833333333333,120,100,117,96
4,0,-46.75,-14.75,209,179,160,93
1,0,-74.0833333333333,0.916666666666668,62,114,189,296
3,0,-59.25,-17.25,253,211,165,102
3,0,-79.75,-1.75,269,308,350,231
1,0,-68.9166666666667,5.41666666666667,21,34,73,215
2,0,-47.4166666666667,-13.4166666666667,267,244,197,112
1,0,-60.5833333333333,-20.9166666666667,78,80,73,51
4,0,-59.0833333333333,-30.5833333333333,126,106,149,110
1,0,-37.5833333333333,-10.9166666666667,46,68,103,164
2,0,-54.9166666666667,-12.5833333333333,307,311,250,143
4,0,-77.75,-8.41666666666666,109,123,157,97
1,0,-57.5833333333333,-28.5833333333333,131,124,146,160
2,0,-69.9166666666667,-1.58333333333333,320,270,336,314
3,0,-46.4166666666667,-13.25,244,203,181,110
2,0,-64.4166666666667,-4.08333333333333,248,235,273,269
3,0,-66.4166666666667,7.41666666666667,6,9,17,88
1,0,-60.4166666666667,-3.58333333333333,277,282,293,278
1,0,-48.5833333333333,-17.0833333333333,275,208,191,103
3,0,-62.75,-0.916666666666666,166,180,260,298
1,0,-54.9166666666667,-21.0833333333333,199,163,139,106
3,0,-60.75,-28.25,117,129,153,108
5,0,-50.0833333333333,-5.25,261,303,328,247
1,0,-67.4166666666667,-13.4166666666667,274,277,232,127
1,0,-56.5833333333333,-13.75,310,307,284,145
2,0,-49.0833333333333,-1.08333333333333,324,437,462,429
3,0,-80.9166666666667,-0.916666666666666,40,62,59,25
1,0,-78.9166666666667,-1.75,60,102,104,106
1,0,-42.0833333333333,-22.4166666666667,170,139,140,96
3,0,-68.0833333333333,-21.25,28,31,6,0
3,0,-50.75,-28.0833333333333,143,134,125,107
5,0,-66.4166666666667,-17.75,165,133,97,30
5,0,-70.75,-32.9166666666667,2,6,4,18
5,0,-71.4166666666667,4.91666666666667,18,38,83,276
1,0,-44.0833333333333,-18.4166666666667,232,120,127,53
4,0,-53.75,4.41666666666667,250,212,236,294
2,0,-41.4166666666667,-5.58333333333333,123,149,240,201
2,0,-46.75,-12.9166666666667,265,227,199,113
4,0,-63.4166666666667,3.91666666666667,104,84,116,217
2,0,-66.9166666666667,-25.75,28,33,16,1
5,0,-57.4166666666667,-17.0833333333333,218,174,159,100
3,0,-52.9166666666667,-13.4166666666667,268,266,235,116
5,0,-60.5833333333333,4.91666666666667,71,62,77,149
3,0,-77.75,-5.08333333333333,140,114,153,169
4,0,-67.75,-10.0833333333333,199,198,199,136
4,0,-57.5833333333333,-27.0833333333333,143,135,127,138
2,0,-65.5833333333333,-17.25,241,213,182,80
1,0,-78.4166666666667,-5.41666666666666,115,94,131,147
2,0,-54.9166666666667,-20.5833333333333,220,175,136,102
2,0,-67.4166666666667,-17.25,125,98,64,20
2,0,-60.0833333333333,-13.0833333333333,318,286,280,182
3,0,-54.25,-14.0833333333333,294,267,243,127
5,0,-51.5833333333333,3.58333333333333,386,327,360,415
1,0,-68.0833333333333,-18.0833333333333,93,70,50,6
1,0,-42.5833333333333,-21.4166666666667,231,179,130,59
4,0,-59.4166666666667,4.75,92,81,105,159
2,0,-70.9166666666667,-0.416666666666666,209,210,275,322
1,0,-62.9166666666667,8.25,36,23,21,50
4,0,-62.5833333333333,-22.25,112,115,105,55
3,0,-60.4166666666667,1.58333333333333,52,58,87,161
5,0,-71.0833333333333,-0.75,215,210,286,322
3,0,-38.75,-11.0833333333333,45,49,86,76
3,0,-63.4166666666667,-26.25,121,108,100,36
5,0,-36.0833333333333,-7.75,27,48,77,92
1,0,-61.25,-12.9166666666667,294,251,253,131
3,0,-61.25,-6.58333333333333,349,334,342,277
1,0,-64.0833333333333,-0.0833333333333321,144,155,208,256
5,0,-71.4166666666667,6.41666666666667,16,25,63,192
1,0,-62.5833333333333,6.08333333333333,70,56,70,151
2,0,-57.4166666666667,-2.58333333333333,289,293,347,290
4,0,-64.4166666666667,-33.25,121,95,105,51
4,0,-63.9166666666667,3.25,110,95,136,246
4,0,-63.25,-28.5833333333333,108,106,102,57
3,0,-40.5833333333333,-10.4166666666667,64,66,77,60
1,0,-65.4166666666667,1.75,151,152,201,269
2,0,-60.25,-12.9166666666667,313,288,279,176
4,0,-65.5833333333333,-19.5833333333333,93,75,61,17
5,0,-57.9166666666667,-8.41666666666666,313,285,321,230
5,0,-48.5833333333333,-0.916666666666666,376,475,523,468
2,0,-69.9166666666667,5.41666666666667,17,26,69,238
1,0,-51.75,-27.0833333333333,176,142,134,133
1,0,-67.4166666666667,6.75,6,14,30,116
2,0,-73.9166666666667,8.58333333333333,14,28,76,226
3,0,-78.75,-4.41666666666666,124,128,172,166
2,0,-79.4166666666667,-1.75,400,426,472,340
3,0,-72.75,-9.58333333333333,218,193,229,184
1,0,-62.25,-30.0833333333333,129,130,136,91
3,0,-53.4166666666667,-10.9166666666667,371,322,299,173
2,0,-57.5833333333333,-3.25,263,224,298,248
5,0,-75.4166666666667,-7.25,173,158,214,180
5,0,-65.75,-2.58333333333333,278,270,314,338
3,0,-51.5833333333333,-14.75,244,232,221,96
1,0,-56.25,1.41666666666667,161,144,220,266
4,0,-74.75,9.25,16,22,35,116
2,0,-53.25,-0.75,214,248,308,312
4,0,-66.5833333333333,-11.75,271,216,182,86
3,0,-61.0833333333333,-18.25,128,120,98,64
3,0,-45.5833333333333,-16.4166666666667,193,126,130,65
5,0,-54.5833333333333,-12.9166666666667,295,300,243,134
2,0,-66.9166666666667,-22.9166666666667,34,34,17,1
4,0,-51.9166666666667,-10.4166666666667,316,282,279,157
4,0,-77.5833333333333,0.916666666666668,80,87,105,130
3,0,-42.75,-12.9166666666667,134,100,110,60
4,0,-64.0833333333333,-4.08333333333333,253,222,257,252
1,0,-65.75,-21.5833333333333,80,66,41,7
3,0,-52.5833333333333,2.91666666666667,288,257,316,344
4,0,-71.0833333333333,9.75,24,22,32,103
5,0,-68.25,6.75,6,15,32,134
4,0,-61.75,-24.5833333333333,111,96,101,63
1,0,-70.0833333333333,-6.91666666666666,308,303,310,248
5,0,-73.4166666666667,-15.5833333333333,72,76,77,11
4,0,-70.4166666666667,-18.0833333333333,1,0,0,0
5,0,-63.4166666666667,8.41666666666667,27,17,17,47
2,0,-51.9166666666667,-21.9166666666667,180,159,104,71
3,0,-71.5833333333333,-30.25,0,0,0,1
1,0,-46.4166666666667,-16.5833333333333,211,139,155,75
4,0,-57.4166666666667,-9.41666666666666,310,255,320,196
3,0,-64.25,-18.0833333333333,97,91,68,29
4,0,-53.4166666666667,-23.4166666666667,140,137,108,89
1,0,-40.5833333333333,-18.25,159,94,111,77
4,0,-51.5833333333333,-13.25,269,235,209,109
2,0,-57.4166666666667,-28.75,133,131,149,165
1,0,-64.75,-14.25,262,243,213,117
2,0,-77.4166666666667,0.25,179,182,244,304
4,0,-60.9166666666667,-2.75,302,287,310,303
5,0,-52.5833333333333,-16.0833333333333,295,229,216,89
5,0,-65.9166666666667,-25.75,44,38,20,1
5,0,-52.5833333333333,2.08333333333333,256,245,302,327
2,0,-65.5833333333333,-12.25,262,238,206,120
1,0,-52.5833333333333,0.25,265,274,306,312
5,0,-69.75,2.75,51,88,159,298
4,0,-51.0833333333333,-19.9166666666667,260,175,155,75
2,0,-52.4166666666667,-19.75,257,174,161,95
3,0,-48.9166666666667,-16.9166666666667,277,215,195,111
1,0,-54.25,-13.25,285,288,241,131
4,0,-71.25,5.75,18,27,68,244
4,0,-55.5833333333333,-18.9166666666667,238,188,151,104
2,0,-50.75,-24.0833333333333,177,145,109,102
3,0,-58.0833333333333,1.91666666666667,86,86,129,194
2,0,-71.25,12.0833333333333,30,12,6,23
1,0,-63.0833333333333,-21.4166666666667,117,118,129,59
4,0,-38.4166666666667,-4.25,73,137,250,217
1,0,-51.9166666666667,-26.4166666666667,171,144,145,134
4,0,-62.75,6.91666666666667,53,38,59,118
2,0,-65.4166666666667,-16.5833333333333,592,520,490,300
4,0,-69.5833333333333,-26.75,3,5,3,0
1,0,-37.25,-4.75,73,129,218,235
5,0,-62.4166666666667,1.08333333333333,79,81,95,175
5,0,-59.0833333333333,-2.08333333333333,248,253,309,316
2,0,-62.9166666666667,-15.4166666666667,193,175,154,64
3,0,-59.75,-12.75,325,304,282,182
4,0,-71.25,0.583333333333334,125,153,211,314
5,0,-55.0833333333333,-31.25,131,135,124,128
3,0,-57.25,-5.25,315,288,317,300
2,0,-52.75,-20.0833333333333,238,173,150,95
5,0,-45.75,-18.9166666666667,277,177,164,77
1,0,-63.9166666666667,-19.4166666666667,130,119,97,58
5,0,-67.9166666666667,5.41666666666667,25,41,67,189
2,0,-42.5833333333333,-21.5833333333333,232,175,139,63
5,0,-58.75,-18.5833333333333,162,132,121,80
4,0,-65.4166666666667,7.41666666666667,20,14,18,79
3,0,-65.25,-6.08333333333333,351,380,374,320
4,0,-53.9166666666667,-3.58333333333333,210,254,302,240
2,0,-51.9166666666667,-15.75,277,217,221,90
4,0,-57.25,3.08333333333333,149,129,154,213
2,0,-38.25,-5.08333333333333,78,121,216,196
2,0,-58.75,5.25,133,103,165,177
1,0,-50.75,-3.25,313,358,395,357
4,0,-74.4166666666667,9.08333333333333,12,22,45,153
1,0,-57.5833333333333,-24.4166666666667,177,122,118,117
1,0,-64.9166666666667,-22.4166666666667,104,95,70,24
2,0,-69.5833333333333,8.08333333333333,9,13,27,128
2,0,-58.75,-24.75,125,106,117,102
4,0,-58.5833333333333,3.25,84,75,88,150
2,0,-74.75,-7.25,172,174,233,203
3,0,-41.5833333333333,-12.9166666666667,115,100,105,85
4,0,-54.4166666666667,-31.75,114,125,112,110
3,0,-48.5833333333333,-16.4166666666667,258,217,197,120
4,0,-62.4166666666667,-18.4166666666667,109,92,85,60
1,0,-57.4166666666667,-1.75,280,288,364,348
1,0,-51.0833333333333,-7.41666666666666,260,266,286,232
2,0,-69.9166666666667,-13.9166666666667,161,145,131,72
3,0,-64.4166666666667,3.58333333333333,113,97,135,232
3,0,-63.4166666666667,-19.25,123,123,99,66
2,0,-57.25,-22.0833333333333,149,122,131,109
2,0,-71.4166666666667,3.25,25,59,124,264
5,0,-59.25,-1.25,216,212,291,336
3,0,-67.4166666666667,6.41666666666667,11,26,39,131
3,0,-62.5833333333333,-9.75,344,314,339,204
3,0,-40.9166666666667,-5.25,101,147,248,213
5,0,-41.5833333333333,-9.75,79,89,112,72
5,0,-54.9166666666667,-5.75,302,331,354,256
4,0,-64.25,-14.4166666666667,256,233,209,105
2,0,-73.4166666666667,-8.25,219,234,273,210
2,0,-64.9166666666667,-13.5833333333333,251,238,205,123
2,0,-47.9166666666667,-3.08333333333333,278,337,389,313
1,0,-54.9166666666667,-16.75,263,227,192,112
4,0,-70.5833333333333,-15.25,194,188,150,50
3,0,-58.5833333333333,-2.41666666666667,274,265,315,297
5,0,-56.25,-0.916666666666666,236,236,389,391
3,0,-64.4166666666667,-15.0833333333333,299,270,236,123
4,0,-80.0833333333333,-5.58333333333333,12,19,79,15
5,0,-48.25,-20.25,273,216,183,75
3,0,-43.0833333333333,-18.4166666666667,230,141,158,80
3,0,-66.4166666666667,-17.0833333333333,180,150,112,46
2,0,-60.9166666666667,-19.75,66,80,63,40
3,0,-44.5833333333333,-16.9166666666667,201,122,124,63
2,0,-36.25,-7.41666666666666,25,46,89,100
1,0,-72.0833333333333,0.0833333333333339,114,145,214,304
4,0,-65.75,-24.75,64,57,33,4
5,0,-36.0833333333333,-9.58333333333333,46,68,133,183
2,0,-42.25,-17.0833333333333,151,89,110,45
3,0,-75.75,-10.25,114,123,122,62
5,0,-45.75,-16.75,204,133,136,64
1,0,-65.25,-21.75,93,82,56,12
2,0,-78.5833333333333,-1.91666666666667,53,88,103,109
5,0,-52.4166666666667,3.08333333333333,301,268,315,347
1,0,-47.0833333333333,-7.75,216,197,236,158
3,0,-53.5833333333333,4.58333333333333,258,212,237,301
5,0,-75.5833333333333,-12.9166666666667,125,135,126,49
5,0,-64.25,1.25,121,130,166,228
1,0,-49.25,-27.5833333333333,204,189,155,108
4,0,-76.5833333333333,-11.25,124,152,151,75
2,0,-77.25,5.75,341,188,286,418
1,0,-71.75,-7.91666666666666,259,217,265,213
2,0,-50.9166666666667,-1.41666666666667,286,283,329,326
5,0,-61.4166666666667,-16.9166666666667,165,156,118,75
5,0,-42.9166666666667,-8.91666666666666,117,132,149,108
1,0,-41.9166666666667,-5.75,162,183,278,214
1,0,-64.5833333333333,-21.25,120,118,93,38
3,0,-63.25,-13.4166666666667,240,215,204,103
4,0,-66.0833333333333,9.08333333333333,13,4,5,29
5,0,-67.5833333333333,1.41666666666667,216,240,270,343
3,0,-56.25,-21.0833333333333,185,147,133,109
3,0,-68.5833333333333,-32.9166666666667,42,38,30,12
5,0,-53.4166666666667,-0.25,232,252,285,289
5,0,-42.25,-15.4166666666667,131,85,82,47
1,0,-54.4166666666667,-18.75,256,205,160,105
3,0,-40.0833333333333,-20.0833333333333,145,76,110,90
1,0,-55.25,-4.58333333333333,265,286,337,279
5,0,-60.25,-0.416666666666666,120,138,227,275
5,0,-69.4166666666667,-5.91666666666666,336,322,320,252
3,0,-75.75,-12.5833333333333,130,143,135,56
4,0,-56.0833333333333,-5.91666666666666,343,336,394,287
4,0,-76.5833333333333,3.91666666666667,111,113,132,201
2,0,-59.75,2.08333333333333,48,49,70,141
1,0,-53.25,2.08333333333333,230,229,290,317
1,0,-67.9166666666667,0.75,255,263,263,348
4,0,-69.25,8.75,6,8,15,90
3,0,-58.75,-14.9166666666667,297,242,243,146
4,0,-66.5833333333333,1.08333333333333,181,197,242,282
4,0,-70.4166666666667,-3.75,336,273,309,314
2,0,-67.75,9.58333333333333,8,6,11,64
3,0,-64.4166666666667,-18.25,96,88,63,24
4,0,-52.9166666666667,-19.0833333333333,276,194,174,101
2,0,-61.5833333333333,-25.4166666666667,107,89,113,66
4,0,-40.75,-12.4166666666667,78,79,91,62
4,0,-38.5833333333333,-12.4166666666667,71,84,117,182
2,0,-65.9166666666667,-2.75,272,260,313,327
1,0,-44.5833333333333,-8.25,173,164,184,128
1,0,-76.9166666666667,-5.41666666666666,168,155,203,184
5,0,-58.4166666666667,-27.75,145,133,147,162
3,0,-72.4166666666667,-0.0833333333333321,115,143,216,298
4,0,-50.5833333333333,-13.0833333333333,265,233,216,111
3,0,-58.75,-15.4166666666667,276,224,216,132
2,0,-54.0833333333333,-3.91666666666666,227,262,312,242
2,0,-59.5833333333333,-4.75,263,250,253,248
3,0,-70.25,-18.9166666666667,0,0,0,0
3,0,-66.5833333333333,-22.25,44,41,24,1
3,0,-71.4166666666667,-16.25,76,78,74,13
3,0,-72.4166666666667,-13.4166666666667,182,172,155,65
5,0,-61.75,-33.9166666666667,119,118,144,82
1,0,-70.25,5.08333333333333,18,34,73,225
2,0,-64.0833333333333,2.08333333333333,116,123,154,229
5,0,-69.25,-15.4166666666667,184,149,131,64
3,0,-48.0833333333333,-24.9166666666667,265,285,254,170
3,0,-71.9166666666667,-1.25,191,186,274,313
3,0,-71.9166666666667,8.25,37,41,50,158
2,0,-59.5833333333333,-32.25,117,100,141,97
5,0,-73.4166666666667,-9.58333333333333,205,197,221,172
2,0,-49.0833333333333,-21.0833333333333,232,204,146,55
1,0,-62.9166666666667,-17.0833333333333,179,129,85,56
5,0,-62.9166666666667,2.75,105,94,111,199
2,0,-52.5833333333333,-29.4166666666667,174,149,162,116
3,0,-69.9166666666667,4.41666666666667,22,44,86,233
4,0,-73.5833333333333,-6.08333333333333,259,251,269,260
5,0,-67.75,-26.25,16,21,10,0
2,0,-68.9166666666667,-7.25,329,283,301,250
1,0,-64.5833333333333,0.25,140,156,206,244
4,0,-51.4166666666667,-16.9166666666667,290,211,216,105
2,0,-59.5833333333333,-33.0833333333333,120,98,120,97
4,0,-39.4166666666667,-7.75,96,117,184,130
2,0,-52.5833333333333,4.25,366,281,298,387
1,0,-60.5833333333333,-22.9166666666667,93,86,85,64
5,0,-60.25,-31.9166666666667,127,108,152,103
5,0,-48.9166666666667,-16.75,274,216,195,114
5,0,-76.4166666666667,-8.75,213,211,215,167
2,0,-73.5833333333333,-7.08333333333333,256,266,298,244
3,0,-70.9166666666667,-10.25,251,224,245,205
4,0,-77.5833333333333,5.41666666666667,334,170,100,328
3,0,-47.9166666666667,-20.25,296,230,191,76
3,0,-70.4166666666667,-9.25,276,231,261,225
5,0,-57.0833333333333,-3.08333333333333,287,296,336,298
1,0,-78.25,-7.75,92,114,137,91
1,0,-61.75,-6.08333333333333,263,264,278,240
2,0,-37.75,-4.75,69,142,257,227
2,0,-64.9166666666667,-23.4166666666667,109,102,73,25
4,0,-67.75,6.75,7,12,27,121
5,0,-78.9166666666667,-8.25,6,8,13,2
4,0,-69.75,-16.75,132,123,99,17
4,0,-73.4166666666667,-14.4166666666667,195,181,205,66
3,0,-70.0833333333333,-0.0833333333333321,244,254,276,343
5,0,-73.9166666666667,3.91666666666667,81,110,146,247
5,0,-67.75,-19.0833333333333,71,55,31,3
2,0,-63.4166666666667,-32.9166666666667,111,90,108,66
3,0,-64.9166666666667,-31.4166666666667,104,97,86,45
5,0,-43.75,-11.9166666666667,141,126,131,74
2,0,-36.5833333333333,-10.25,31,51,105,177
2,0,-43.25,-12.5833333333333,146,122,133,70
4,0,-62.9166666666667,-17.5833333333333,155,110,93,64
1,0,-68.25,11.0833333333333,68,19,17,50
2,0,-70.75,1.41666666666667,90,125,196,321
3,0,-75.4166666666667,-11.75,124,137,128,59
5,0,-69.0833333333333,-29.25,17,23,15,3
1,0,-64.75,-7.91666666666666,328,309,304,269
2,0,-50.4166666666667,-15.9166666666667,284,230,225,115
1,0,-38.25,-7.58333333333333,111,154,214,183
1,0,-56.4166666666667,-26.5833333333333,146,123,118,160
5,0,-45.5833333333333,-6.08333333333333,172,185,226,156
4,0,-63.5833333333333,-12.75,244,223,215,117
4,0,-73.75,-13.9166666666667,167,174,177,52
5,0,-66.5833333333333,-18.0833333333333,137,109,77,20
4,0,-54.9166666666667,3.91666666666667,225,192,233,262
5,0,-52.5833333333333,-11.4166666666667,312,275,259,144
1,0,-35.75,-6.41666666666666,32,54,106,123
1,0,-76.25,3.41666666666667,99,109,143,181
5,0,-68.4166666666667,-31.75,60,53,39,14
4,0,-65.9166666666667,-10.75,269,254,246,169
5,0,-67.0833333333333,-1.91666666666667,260,247,276,309
2,0,-53.75,-31.9166666666667,112,129,107,104
2,0,-54.4166666666667,-15.9166666666667,291,248,210,108
5,0,-56.9166666666667,-7.75,302,302,344,255
2,0,-71.0833333333333,10.4166666666667,20,15,26,86
5,0,-63.4166666666667,10.0833333333333,58,35,32,51
5,0,-56.75,-27.25,133,139,134,131
5,0,-58.0833333333333,-1.91666666666667,272,265,315,330
4,0,-61.25,-18.25,123,115,94,61
2,0,-50.4166666666667,-23.5833333333333,173,159,113,102
1,0,-77.0833333333333,1.08333333333333,117,123,159,206
3,0,-53.75,-25.0833333333333,187,167,153,138
4,0,-51.5833333333333,-0.0833333333333321,277,291,337,332
3,0,-63.5833333333333,-7.58333333333333,331,300,314,254
2,0,-49.0833333333333,-27.9166666666667,208,191,158,107
5,0,-52.25,-18.5833333333333,297,198,193,104
5,0,-45.5833333333333,-1.25,199,332,479,418
5,0,-53.9166666666667,-20.9166666666667,208,172,134,97
3,0,-59.9166666666667,-22.25,95,81,70,76
4,0,-66.25,-22.75,47,42,25,2
3,0,-70.0833333333333,1.91666666666667,98,122,196,324
1,0,-41.4166666666667,-13.5833333333333,107,107,106,79
2,0,-68.75,-19.0833333333333,84,67,44,2
5,0,-48.4166666666667,-11.5833333333333,283,255,238,132
2,0,-58.5833333333333,-1.41666666666667,244,232,294,352
4,0,-56.0833333333333,-12.4166666666667,312,352,359,149
4,0,-46.5833333333333,-6.08333333333333,170,214,246,196
3,0,-79.0833333333333,-7.25,38,56,99,31
1,0,-67.25,9.08333333333333,3,3,7,48
2,0,-37.75,-9.58333333333333,37,41,68,66
1,0,-42.25,-15.0833333333333,137,88,81,50
4,0,-69.5833333333333,-23.4166666666667,1,1,0,0
4,0,-41.25,-14.5833333333333,96,73,76,48
2,0,-53.25,-15.9166666666667,300,251,215,98
5,0,-56.4166666666667,-19.9166666666667,210,162,136,96
3,0,-55.75,-0.916666666666666,226,233,377,372
4,0,-54.5833333333333,-9.58333333333333,334,341,323,226
2,0,-51.75,-3.58333333333333,306,325,376,371
2,0,-66.4166666666667,-19.9166666666667,44,42,33,1
1,0,-65.25,-4.91666666666666,258,296,316,293
5,0,-73.25,-9.08333333333333,209,202,236,187
5,0,-70.5833333333333,-29.9166666666667,1,2,1,3
2,0,-56.9166666666667,-33.4166666666667,118,129,133,94
4,0,-59.0833333333333,-18.5833333333333,156,131,120,79
4,0,-63.9166666666667,-0.916666666666666,176,186,245,282
2,0,-44.9166666666667,-14.4166666666667,170,128,133,58
2,0,-65.4166666666667,-12.0833333333333,262,239,210,126
3,0,-64.0833333333333,-17.5833333333333,237,195,160,95
4,0,-49.9166666666667,-21.4166666666667,215,183,138,57
3,0,-46.25,-9.75,216,210,171,106
1,0,-64.25,-14.5833333333333,261,238,211,107
4,0,-65.9166666666667,-29.75,90,78,62,24
3,0,-60.0833333333333,2.75,36,43,60,127
4,0,-51.0833333333333,-26.0833333333333,157,158,144,106
5,0,-76.5833333333333,7.75,107,81,106,258
1,0,-65.4166666666667,-26.25,106,87,67,18
2,0,-73.4166666666667,10.0833333333333,13,22,44,131
4,0,-56.5833333333333,2.08333333333333,157,132,182,237
3,0,-73.25,-6.58333333333333,267,269,286,261
5,0,-69.75,6.58333333333333,9,13,42,164
2,0,-68.4166666666667,-8.58333333333333,298,276,285,231
5,0,-46.75,-9.25,238,218,207,124
1,0,-65.75,-9.91666666666666,286,258,238,191
5,0,-64.9166666666667,-21.5833333333333,103,96,71,21
3,0,-54.0833333333333,0.583333333333334,219,231,295,302
5,0,-59.5833333333333,0.75,87,84,148,211
3,0,-62.5833333333333,-21.5833333333333,94,96,94,49
2,0,-61.25,-25.9166666666667,111,92,129,72
1,0,-51.4166666666667,-4.08333333333333,287,322,359,323
1,0,-67.5833333333333,-21.0833333333333,28,28,13,0
2,0,-55.25,-28.25,145,137,152,183
4,0,-61.5833333333333,7.91666666666667,90,60,60,98
1,0,-62.0833333333333,-6.75,303,287,319,248
4,0,-73.25,0.416666666666668,82,121,191,289
1,0,-61.0833333333333,-6.58333333333333,349,334,344,281
4,0,-68.5833333333333,3.41666666666667,57,81,147,273
3,0,-76.9166666666667,7.75,65,53,57,187
2,0,-68.4166666666667,8.91666666666667,5,7,12,81
5,0,-74.9166666666667,10.5833333333333,11,16,19,61
4,0,-53.5833333333333,-6.25,290,317,307,233
1,0,-49.0833333333333,-5.41666666666666,247,281,316,223
2,0,-44.9166666666667,-13.25,162,141,152,65
3,0,-67.9166666666667,-1.58333333333333,303,245,270,308
5,0,-43.9166666666667,-12.0833333333333,155,138,143,84
4,0,-39.75,-9.75,58,63,91,65
5,0,-54.4166666666667,-28.9166666666667,146,136,143,163
2,0,-51.25,-1.41666666666667,274,269,319,329
3,0,-60.5833333333333,-20.5833333333333,72,79,69,46
2,0,-60.5833333333333,-0.25,107,128,210,264
5,0,-72.25,2.08333333333333,21,61,128,278
3,0,-50.0833333333333,-4.25,284,350,378,304
1,0,-67.9166666666667,-18.4166666666667,85,64,42,5
2,0,-65.0833333333333,1.08333333333333,152,156,205,254
1,0,-65.25,-5.41666666666666,295,330,339,300
2,0,-63.5833333333333,5.91666666666667,51,53,66,151
1,0,-74.75,-1.58333333333333,189,196,277,311
3,0,-66.75,-11.4166666666667,268,220,191,105
2,0,-53.5833333333333,-26.25,192,175,145,147
3,0,-65.4166666666667,3.75,108,95,142,268
5,0,-40.5833333333333,-3.58333333333333,122,188,314,313
1,0,-45.75,-11.9166666666667,231,173,159,90
1,0,-64.5833333333333,5.75,73,42,52,140
5,0,-50.5833333333333,1.58333333333333,315,332,354,369
5,0,-67.5833333333333,-22.0833333333333,28,31,12,0
2,0,-44.0833333333333,-12.5833333333333,151,132,135,74
1,0,-64.5833333333333,-24.5833333333333,152,145,116,39
1,0,-58.5833333333333,-28.25,117,110,132,138
5,0,-67.5833333333333,-19.9166666666667,47,37,17,1
3,0,-71.9166666666667,2.08333333333333,24,62,138,280
5,0,-65.0833333333333,-16.0833333333333,491,434,400,238
1,0,-56.9166666666667,6.08333333333333,157,93,76,124
1,0,-46.9166666666667,-16.4166666666667,251,153,188,92
3,0,-66.4166666666667,-8.08333333333333,287,286,304,242
1,0,-49.25,-6.08333333333333,237,263,293,199
2,0,-47.75,-0.583333333333332,329,439,529,450
3,0,-67.9166666666667,-11.9166666666667,264,239,219,125
2,0,-51.25,-29.4166666666667,152,138,150,118
2,0,-66.5833333333333,3.08333333333333,112,122,188,308
2,0,-54.25,0.75,211,222,291,303
3,0,-68.75,3.25,58,86,152,278
5,0,-40.5833333333333,-7.75,102,116,167,105
2,0,-77.75,1.75,274,248,253,308
1,0,-45.25,-6.91666666666666,192,182,188,133
2,0,-55.75,-23.9166666666667,148,160,135,131
1,0,-56.9166666666667,-12.75,329,348,364,146
4,0,-39.5833333333333,-13.0833333333333,103,109,107,89
1,0,-64.75,-17.25,430,368,331,205
3,0,-71.0833333333333,-30.75,0,0,0,2
1,0,-57.75,2.25,116,94,135,196
3,0,-71.5833333333333,-15.25,169,167,139,45
4,0,-59.9166666666667,-29.25,109,111,148,103
4,0,-72.75,-7.08333333333333,273,277,287,255
2,0,-78.75,-0.916666666666666,62,88,97,104
1,0,-65.5833333333333,-3.08333333333333,296,289,339,345
4,0,-62.25,-22.25,93,97,87,49
5,0,-72.9166666666667,4.91666666666667,31,66,110,320
3,0,-61.5833333333333,5.41666666666667,77,64,67,151
3,0,-66.4166666666667,-8.25,276,281,293,236
4,0,-57.0833333333333,-15.9166666666667,213,183,180,117
3,0,-66.4166666666667,0.0833333333333339,202,194,244,239
3,0,-58.9166666666667,-13.5833333333333,340,284,296,179
4,0,-59.25,-23.9166666666667,109,110,105,114
1,0,-62.9166666666667,-30.9166666666667,118,114,123,77
2,0,-59.9166666666667,-7.75,310,282,294,231
5,0,-71.75,3.58333333333333,17,60,96,279
4,0,-70.75,4.75,16,35,78,245
5,0,-59.5833333333333,-21.4166666666667,91,84,74,64
4,0,-66.9166666666667,-19.75,45,42,23,1
2,0,-45.25,-23.9166666666667,308,278,276,204
3,0,-46.75,-13.0833333333333,262,222,192,113
1,0,-70.4166666666667,-5.91666666666666,290,309,291,266
5,0,-56.75,-27.75,126,137,140,131
2,0,-79.4166666666667,-0.0833333333333321,446,509,522,451
5,0,-75.4166666666667,9.25,20,26,32,104
5,0,-67.0833333333333,-10.0833333333333,247,253,238,173
5,0,-68.5833333333333,-10.4166666666667,264,227,243,175
1,0,-47.75,-15.5833333333333,243,202,205,113
4,0,-59.75,-25.5833333333333,119,105,150,112
4,0,-72.4166666666667,-2.91666666666667,289,247,327,332
4,0,-70.0833333333333,-32.75,6,8,10,17
5,0,-76.25,9.08333333333333,16,22,26,93
4,0,-50.0833333333333,-7.75,258,268,278,215
2,0,-70.0833333333333,6.75,10,14,38,178
5,0,-39.9166666666667,-17.9166666666667,145,96,117,98
1,0,-55.4166666666667,5.75,210,133,130,191
3,0,-52.5833333333333,-24.25,199,144,132,102
5,0,-66.9166666666667,-9.25,264,296,281,214
2,0,-70.0833333333333,-7.75,294,259,297,255
5,0,-76.5833333333333,-6.75,109,111,162,140
4,0,-44.4166666666667,-2.91666666666667,216,280,357,351
5,0,-68.25,-32.9166666666667,44,43,31,10
1,0,-52.5833333333333,-7.41666666666666,294,288,299,235
5,0,-68.0833333333333,-2.08333333333333,314,272,286,307
4,0,-52.9166666666667,-12.75,280,263,232,123
4,0,-70.0833333333333,-13.4166666666667,637,596,465,313
3,0,-80.5833333333333,-4.08333333333333,53,81,161,67
3,0,-54.0833333333333,-5.75,277,313,310,228
3,0,-62.75,-20.5833333333333,85,88,82,47
5,0,-80.4166666666667,-2.41666666666667,104,105,143,63
2,0,-62.5833333333333,-15.4166666666667,192,175,153,71
1,0,-47.0833333333333,-4.08333333333333,219,271,322,252
2,0,-59.25,4.75,106,85,107,165
4,0,-66.25,7.25,11,11,18,89
5,0,-51.9166666666667,-13.25,275,243,214,110
2,0,-48.4166666666667,-3.75,283,339,378,307
5,0,-58.4166666666667,-25.75,136,118,145,140
4,0,-57.75,-6.25,337,317,325,253
2,0,-66.75,-5.08333333333333,317,297,318,301
4,0,-38.4166666666667,-5.75,75,112,225,203
2,0,-56.4166666666667,-3.41666666666666,255,285,317,290
1,0,-41.25,-9.58333333333333,90,90,115,72
4,0,-56.75,1.58333333333333,155,130,199,249
1,0,-55.0833333333333,-32.4166666666667,110,108,108,113
1,0,-71.9166666666667,9.08333333333333,86,54,63,153
4,0,-67.4166666666667,5.25,26,35,71,188
3,0,-46.0833333333333,-16.5833333333333,209,136,148,71
5,0,-64.0833333333333,-31.4166666666667,125,113,108,62
1,0,-53.75,-2.41666666666667,165,226,291,287
3,0,-54.4166666666667,-16.9166666666667,275,227,189,105
5,0,-66.9166666666667,3.58333333333333,93,99,152,285
5,0,-59.9166666666667,-12.4166666666667,323,319,283,186
3,0,-55.4166666666667,-4.25,250,267,325,275
1,0,-61.25,-9.08333333333333,340,320,322,276
1,0,-56.75,-23.75,176,137,139,121
3,0,-54.0833333333333,-30.25,131,131,139,125
3,0,-39.5833333333333,-17.4166666666667,120,93,104,100
1,0,-75.5833333333333,-11.75,114,128,122,53
2,0,-75.9166666666667,0.416666666666668,175,188,334,392
2,0,-55.0833333333333,1.41666666666667,170,176,249,282
5,0,-54.25,-23.9166666666667,148,138,116,109
5,0,-51.0833333333333,-18.5833333333333,279,190,190,98
1,0,-78.25,-7.91666666666666,94,116,153,101
1,0,-63.4166666666667,-29.4166666666667,124,118,118,74
4,0,-54.4166666666667,-30.25,130,132,140,134
3,0,-56.75,1.41666666666667,156,133,206,256
5,0,-74.5833333333333,-12.9166666666667,131,145,141,55
2,0,-51.0833333333333,-5.08333333333333,268,308,320,234
1,0,-40.0833333333333,-15.5833333333333,94,70,87,68
5,0,-53.0833333333333,-10.5833333333333,365,321,306,173
2,0,-51.75,-20.4166666666667,222,159,144,82
2,0,-56.75,-14.75,227,202,208,127
1,0,-79.25,-3.41666666666666,76,93,125,103
4,0,-66.4166666666667,7.58333333333333,4,6,15,81
4,0,-67.5833333333333,-2.25,287,266,281,309
3,0,-62.4166666666667,2.75,95,82,101,192
5,0,-36.0833333333333,-8.75,34,44,95,110
2,0,-50.0833333333333,-4.91666666666666,266,317,342,261
4,0,-61.75,-25.75,109,86,110,57
3,0,-72.75,-0.583333333333332,135,155,231,296
5,0,-58.5833333333333,-0.416666666666666,179,175,262,318
2,0,-39.4166666666667,-16.25,99,100,103,104
2,0,-56.4166666666667,5.58333333333333,194,125,127,186
1,0,-74.0833333333333,5.25,87,111,130,180
2,0,-51.75,-31.0833333333333,118,124,117,107
1,0,-58.25,-3.08333333333333,297,268,321,266
4,0,-48.9166666666667,-3.75,306,366,395,337
1,0,-61.0833333333333,4.25,65,56,78,147
1,0,-60.5833333333333,3.91666666666667,47,40,48,109
4,0,-71.5833333333333,2.75,19,55,125,273
1,0,-52.4166666666667,-11.75,292,253,236,138
5,0,-61.5833333333333,-13.9166666666667,269,222,214,113
1,0,-41.9166666666667,-11.5833333333333,110,80,97,45
1,0,-58.75,-26.4166666666667,140,118,153,159
1,0,-69.9166666666667,-30.0833333333333,10,16,13,7
2,0,-44.9166666666667,-7.25,165,149,179,128
5,0,-53.25,4.08333333333333,297,250,264,333
5,0,-56.0833333333333,-19.75,220,172,139,99
4,0,-58.4166666666667,-6.08333333333333,323,303,312,265
3,0,-68.25,-18.0833333333333,100,76,58,6
2,0,-65.5833333333333,-22.25,77,61,45,7
5,0,-48.75,-15.75,266,222,201,124
5,0,-67.9166666666667,2.75,111,144,204,285
3,0,-67.0833333333333,-5.75,331,313,330,289
5,0,-43.5833333333333,-21.0833333333333,269,192,170,74
2,0,-55.25,-0.583333333333332,211,229,356,356
5,0,-60.5833333333333,-18.0833333333333,156,144,117,72
3,0,-66.75,-23.75,30,29,13,1
5,0,-60.75,-8.25,365,335,350,262
3,0,-46.0833333333333,-8.25,193,175,193,128
4,0,-62.5833333333333,-27.75,108,106,108,57
3,0,-44.4166666666667,-18.25,211,110,116,47
2,0,-55.75,4.41666666666667,197,158,188,223
4,0,-48.9166666666667,-28.5833333333333,142,161,140,129
2,0,-41.0833333333333,-21.9166666666667,129,88,116,114
1,0,-50.4166666666667,-4.08333333333333,269,339,373,293
5,0,-72.75,-1.41666666666667,182,176,258,291
2,0,-60.0833333333333,-7.08333333333333,296,273,288,232
5,0,-46.9166666666667,-4.25,207,261,308,240
5,0,-51.0833333333333,2.08333333333333,306,308,337,369
2,0,-55.4166666666667,-24.5833333333333,133,118,111,136
4,0,-51.75,-0.916666666666666,267,275,310,355
1,0,-71.5833333333333,-33.9166666666667,1,2,4,22
5,0,-64.25,-23.75,172,153,167,76
